app,mutator,file,line,col,stage2,build_ok,baseline_median_s,baseline_iqr_s,baseline_n,mutant_median_s,mutant_iqr_s,mutant_n,early_stop,any_timeout,delta_s,delta_pct,threshold_s,o3_verdict,baseline_maxrss_kb,mutant_maxrss_kb,rss_delta_pct,baseline_stmt_lines,mutant_stmt_lines,stmt_lines_differ,baseline_vecinsn,mutant_vecinsn,vecinsn_differ,baseline_text_bytes,mutant_text_bytes,text_bytes_delta_pct,note,_src
depthwise_separable_conv,Halide_unroll_to_parallel,depthwise_separable_conv_generator.cpp,241,18,OK,1,0.38100,0.11361,21,0.82137,0.37453,9,,,0.44037,115.58,0.34083,KILLED_O3,18432,20480,11.11,672,702,1,6054,5768,1,131032,130680,-0.27,,results-A.csv
depthwise_separable_conv,Halide_unroll_to_parallel,depthwise_separable_conv_generator.cpp,242,18,OK,1,0.38100,0.11361,21,0.78950,0.31626,9,,,0.40850,107.22,0.34083,KILLED_O3,18432,20480,11.11,672,682,1,6054,5830,1,131032,131128,0.07,,results-A.csv
depthwise_separable_conv,Halide_unroll_to_parallel,depthwise_separable_conv_generator.cpp,248,18,OK,1,0.38100,0.11361,21,0.95190,0.51973,9,,,0.57090,149.84,0.34083,KILLED_O3,18432,20480,11.11,672,712,1,6054,5876,1,131032,131352,0.24,,results-A.csv
depthwise_separable_conv,Halide_unroll_to_parallel,depthwise_separable_conv_generator.cpp,249,18,OK,1,0.38100,0.11361,21,0.72346,0.33235,9,,,0.34246,89.88,0.34083,KILLED_O3,18432,20480,11.11,672,690,1,6054,5876,1,131032,130872,-0.12,,results-A.csv
depthwise_separable_conv,Halide_unroll_to_parallel,depthwise_separable_conv_generator.cpp,253,18,OK,1,0.38100,0.11361,21,2.96754,0.86227,9,,,2.58654,678.88,0.34083,KILLED_O3,18432,20480,11.11,672,744,1,6054,5368,1,131032,129688,-1.03,,results-A.csv
depthwise_separable_conv,Halide_unroll_to_parallel,depthwise_separable_conv_generator.cpp,254,18,OK,1,0.38100,0.11361,21,0.99545,0.07627,9,,,0.61445,161.27,0.34083,KILLED_O3,18432,20480,11.11,672,705,1,6054,5422,1,131032,128504,-1.93,,results-A.csv
depthwise_separable_conv,Halide_unroll_to_parallel,depthwise_separable_conv_generator.cpp,263,18,OK,1,0.38100,0.11361,21,0.92637,0.28940,9,,,0.54537,143.14,0.34083,KILLED_O3,18432,20480,11.11,672,714,1,6054,5630,1,131032,131192,0.12,,results-A.csv
depthwise_separable_conv,Halide_unroll_to_parallel,depthwise_separable_conv_generator.cpp,264,18,OK,1,0.38100,0.11361,21,0.98356,0.39049,9,,,0.60256,158.15,0.34083,KILLED_O3,18432,20480,11.11,672,690,1,6054,5622,1,131032,130904,-0.10,,results-A.csv
depthwise_separable_conv,Halide_unroll_to_parallel,depthwise_separable_conv_generator.cpp,268,18,OK,1,0.38100,0.11361,21,1.81516,0.51150,9,,,1.43416,376.42,0.34083,KILLED_O3,18432,20480,11.11,672,744,1,6054,4614,1,131032,125976,-3.86,,results-A.csv
depthwise_separable_conv,Halide_unroll_to_parallel,depthwise_separable_conv_generator.cpp,269,18,OK,1,0.38100,0.11361,21,0.83962,0.15516,9,,,0.45862,120.37,0.34083,KILLED_O3,18432,20480,11.11,672,701,1,6054,4382,1,131032,123480,-5.76,,results-A.csv
depthwise_separable_conv,Halide_unroll_to_parallel,depthwise_separable_conv_generator.cpp,276,18,OK,1,0.38100,0.11361,21,1.74309,0.09818,9,,,1.36209,357.50,0.34083,KILLED_O3,18432,20480,11.11,672,725,1,6054,5408,1,131032,127704,-2.54,,results-A.csv
depthwise_separable_conv,Halide_unroll_to_vectorize,depthwise_separable_conv_generator.cpp,241,18,OK,1,0.38100,0.11361,21,0.39992,0.01915,9,,,0.01892,4.97,0.34083,SURVIVED_O3,18432,20480,11.11,672,657,1,6054,7468,1,131032,137464,4.91,,results-A.csv
depthwise_separable_conv,Halide_unroll_to_vectorize,depthwise_separable_conv_generator.cpp,242,18,OK,1,0.38100,0.11361,21,0.40388,0.12025,9,,,0.02288,6.01,0.34083,SURVIVED_O3,18432,21140,14.69,672,649,1,6054,7468,1,131032,136984,4.54,,results-A.csv
depthwise_separable_conv,Halide_unroll_to_vectorize,depthwise_separable_conv_generator.cpp,248,18,OK,1,0.38100,0.11361,21,0.38991,0.20519,9,,,0.00891,2.34,0.34083,SURVIVED_O3,18432,22164,20.25,672,664,1,6054,6054,0,131032,131032,0.00,,results-A.csv
depthwise_separable_conv,Halide_unroll_to_vectorize,depthwise_separable_conv_generator.cpp,249,18,OK,1,0.38100,0.11361,21,0.54536,0.19419,9,,,0.16436,43.14,0.34083,SURVIVED_O3,18432,22164,20.25,672,666,1,6054,6054,0,131032,131032,0.00,,results-A.csv
depthwise_separable_conv,Halide_unroll_to_vectorize,depthwise_separable_conv_generator.cpp,253,18,OK,1,0.38100,0.11361,21,0.60644,0.11015,9,,,0.22544,59.17,0.34083,SURVIVED_O3,18432,22164,20.25,672,660,1,6054,9006,1,131032,139512,6.47,,results-A.csv
depthwise_separable_conv,Halide_unroll_to_vectorize,depthwise_separable_conv_generator.cpp,254,18,OK,1,0.38100,0.11361,21,0.37395,0.05052,9,,,-0.00705,-1.85,0.34083,SURVIVED_O3,18432,22164,20.25,672,663,1,6054,6094,1,131032,131096,0.05,,results-A.csv
depthwise_separable_conv,Halide_unroll_to_vectorize,depthwise_separable_conv_generator.cpp,263,18,OK,1,0.38100,0.11361,21,0.39391,0.17669,9,,,0.01291,3.39,0.34083,SURVIVED_O3,18432,22164,20.25,672,660,1,6054,5722,1,131032,130040,-0.76,,results-A.csv
depthwise_separable_conv,Halide_unroll_to_vectorize,depthwise_separable_conv_generator.cpp,264,18,OK,1,0.38100,0.11361,21,0.37539,0.11826,9,,,-0.00561,-1.47,0.34083,SURVIVED_O3,18432,22164,20.25,672,663,1,6054,5722,1,131032,130040,-0.76,,results-A.csv
depthwise_separable_conv,Halide_unroll_to_vectorize,depthwise_separable_conv_generator.cpp,268,18,OK,1,0.38100,0.11361,21,0.42841,0.19782,9,,,0.04741,12.44,0.34083,SURVIVED_O3,18432,22164,20.25,672,740,1,6054,11130,1,131032,163928,25.11,,results-A.csv
depthwise_separable_conv,Halide_unroll_to_vectorize,depthwise_separable_conv_generator.cpp,269,18,OK,1,0.38100,0.11361,21,0.62586,0.03975,9,,,0.24486,64.27,0.34083,SURVIVED_O3,18432,24808,34.59,672,744,1,6054,8128,1,131032,142296,8.60,,results-A.csv
depthwise_separable_conv,Halide_unroll_to_vectorize,depthwise_separable_conv_generator.cpp,276,18,OK,1,0.38100,0.11361,21,0.42693,0.22440,9,,,0.04593,12.05,0.34083,SURVIVED_O3,18432,24808,34.59,672,1272,1,6054,15226,1,131032,193816,47.92,,results-A.csv
depthwise_separable_conv,Halide_vectorize_to_parallel,depthwise_separable_conv_generator.cpp,240,18,OK,1,0.38100,0.11361,21,0.98210,0.14285,9,,,0.60110,157.77,0.34083,KILLED_O3,18432,25044,35.87,672,816,1,6054,5856,1,131032,132152,0.85,,results-A.csv
depthwise_separable_conv,Halide_vectorize_to_parallel,depthwise_separable_conv_generator.cpp,247,18,OK,1,0.38100,0.11361,21,0.88508,0.10879,9,,,0.50408,132.31,0.34083,KILLED_O3,18432,25044,35.87,672,816,1,6054,5892,1,131032,133144,1.61,,results-A.csv
hist,Halide_parallel_to_unroll,hist_generator.cpp,187,22,OK,1,1.73023,0.20277,21,1.75589,0.26215,9,,,0.02565,1.48,0.60831,SURVIVED_O3,28328,29016,2.43,308,295,1,4343,4355,1,232334,232718,0.17,,results-B.csv
hist,Halide_parallel_to_unroll,hist_generator.cpp,199,22,OK,1,1.73023,0.20277,21,1.91499,0.25670,9,,,0.18476,10.68,0.60831,SURVIVED_O3,28328,29160,2.94,308,345,1,4343,4695,1,232334,233550,0.52,,results-B.csv
hist,Halide_parallel_to_unroll,hist_generator.cpp,206,22,OK,1,1.73023,0.20277,21,1.94730,0.00818,9,,,0.21707,12.55,0.60831,SURVIVED_O3,28328,28216,-0.40,308,573,1,4343,12253,1,232334,257486,10.83,,results-B.csv
hist,Halide_parallel_to_vectorize,hist_generator.cpp,187,22,OK,1,1.73023,0.20277,21,1.75674,0.30313,9,,,0.02651,1.53,0.60831,SURVIVED_O3,28328,29016,2.43,308,284,1,4343,4621,1,232334,233870,0.66,,results-B.csv
hist,Halide_unroll_to_parallel,hist_generator.cpp,192,22,OK,1,1.73023,0.20277,21,6.97887,0.81883,9,,,5.24864,303.35,0.60831,KILLED_O3,28328,49792,75.77,308,310,1,4343,4295,1,232334,232238,-0.04,,results-B.csv
hist,Halide_unroll_to_parallel,hist_generator.cpp,198,22,OK,1,1.73023,0.20277,21,1.73139,0.21432,9,,,0.00116,0.07,0.60831,SURVIVED_O3,28328,28276,-0.18,308,310,1,4343,4319,1,232334,232238,-0.04,,results-B.csv
hist,Halide_unroll_to_parallel,hist_generator.cpp,205,22,OK,1,1.73023,0.20277,21,2.73859,0.52595,9,,,1.00836,58.28,0.60831,KILLED_O3,28328,28968,2.26,308,288,1,4343,3675,1,232334,230350,-0.85,,results-B.csv
hist,Halide_unroll_to_vectorize,hist_generator.cpp,192,22,OK,1,1.73023,0.20277,21,1.72755,0.09710,9,,,-0.00268,-0.15,0.60831,SURVIVED_O3,28328,29092,2.70,308,297,1,4343,4359,1,232334,232334,0.00,,results-B.csv
hist,Halide_unroll_to_vectorize,hist_generator.cpp,198,22,OK,1,1.73023,0.20277,21,1.89916,0.21167,9,,,0.16892,9.76,0.60831,SURVIVED_O3,28328,28236,-0.32,308,305,1,4343,4343,0,232334,232334,0.00,,results-B.csv
hist,Halide_unroll_to_vectorize,hist_generator.cpp,205,22,OK,1,1.73023,0.20277,21,1.71980,0.36386,9,,,-0.01044,-0.60,0.60831,SURVIVED_O3,28328,30212,6.65,308,287,1,4343,8113,1,232334,248430,6.93,,results-B.csv
hist,Halide_vectorize_to_parallel,hist_generator.cpp,182,22,OK,1,1.73023,0.20277,21,2.09307,0.13002,9,,,0.36284,20.97,0.60831,SURVIVED_O3,28328,29960,5.76,308,316,1,4343,4299,1,232334,232078,-0.11,,results-B.csv
hist,Halide_vectorize_to_parallel,hist_generator.cpp,186,22,OK,1,1.73023,0.20277,21,1.67919,0.27974,9,,,-0.05104,-2.95,0.60831,SURVIVED_O3,28328,31964,12.84,308,323,1,4343,4343,0,232334,232558,0.10,,results-B.csv
hist,Halide_vectorize_to_parallel,hist_generator.cpp,189,22,OK,1,1.73023,0.20277,21,1.62394,0.23943,9,,,-0.10629,-6.14,0.60831,SURVIVED_O3,28328,32072,13.22,308,319,1,4343,4355,1,232334,232590,0.11,,results-B.csv
hist,Halide_vectorize_to_parallel,hist_generator.cpp,194,22,OK,1,1.73023,0.20277,21,1.71904,0.11247,9,,,-0.01119,-0.65,0.60831,SURVIVED_O3,28328,29112,2.77,308,318,1,4343,4351,1,232334,232494,0.07,,results-B.csv
hist,Halide_vectorize_to_parallel,hist_generator.cpp,197,22,OK,1,1.73023,0.20277,21,1.72255,0.39212,9,,,-0.00769,-0.44,0.60831,SURVIVED_O3,28328,29196,3.06,308,325,1,4343,4311,1,232334,232558,0.10,,results-B.csv
hist,Halide_vectorize_to_parallel,hist_generator.cpp,207,22,OK,1,1.73023,0.20277,21,2.00658,0.22729,9,,,0.27634,15.97,0.60831,SURVIVED_O3,28328,28272,-0.20,308,301,1,4343,3335,1,232334,229390,-1.27,,results-B.csv
max_filter,Halide_vectorize_to_parallel,max_filter_generator.cpp,106,22,OK,1,1.22909,0.22802,21,4.84290,0.51375,9,,,3.61382,294.02,0.68405,KILLED_O3,313992,514416,63.83,280,294,1,3858,3854,1,229999,230159,0.07,,results-B.csv
conv_layer,Halide_parallel_to_unroll,conv_layer_generator.cpp,178,18,OK,1,6.94235,1.31966,21,6.90616,0.46349,9,,,-0.03618,-0.52,3.95898,SURVIVED_O3,39936,39936,0.00,507,22122,1,1894,52030,1,89165,295117,230.98,,results-C.csv
conv_layer,Halide_parallel_to_unroll,conv_layer_generator.cpp,179,18,OK,1,6.94235,1.31966,21,8.34979,1.18881,9,,,1.40745,20.27,3.95898,SURVIVED_O3,39936,39936,0.00,507,1661,1,1894,4510,1,89165,102061,14.46,,results-C.csv
conv_layer,Halide_parallel_to_unroll,conv_layer_generator.cpp,180,18,OK,1,6.94235,1.31966,21,7.83044,1.80733,9,,,0.88809,12.79,3.95898,SURVIVED_O3,39936,39936,0.00,507,1145,1,1894,3222,1,89165,96045,7.72,,results-C.csv
bilateral_grid,Halide_parallel_to_unroll,bilateral_grid_generator.cpp,149,18,OK,1,2.11939,0.00584,21,8.04368,0.06211,9,,,5.92429,279.53,0.04239,KILLED_O3,45052,44000,-2.34,515,658,1,7026,28816,1,248969,325193,30.62,,results-D.csv
bilateral_grid,Halide_parallel_to_vectorize,bilateral_grid_generator.cpp,149,18,OK,1,2.11939,0.00584,21,9.47536,0.05329,9,,,7.35597,347.08,0.04239,KILLED_O3,45052,44940,-0.25,515,524,1,7026,31330,1,248969,357321,43.52,,results-D.csv
bilateral_grid,Halide_unroll_to_parallel,bilateral_grid_generator.cpp,132,18,OK,1,2.11939,0.00584,21,13.23358,4.71342,9,,,11.11419,524.41,0.04239,KILLED_O3,45052,54620,21.24,515,543,1,7026,6986,1,248969,248041,-0.37,,results-D.csv
bilateral_grid,Halide_unroll_to_parallel,bilateral_grid_generator.cpp,141,18,OK,1,2.11939,0.00584,21,18.75858,4.98938,9,,,16.63919,785.09,0.04239,KILLED_O3,45052,50456,12.00,515,516,1,7026,6950,1,248969,248553,-0.17,,results-D.csv
nl_means,Halide_unroll_to_parallel,nl_means_generator.cpp,146,18,OK,1,3.00556,0.09959,21,4.30752,0.92736,4,1,0,1.30196,43.32,0.29876,KILLED_O3,113968,127276.0,11.68,1028,1052,1,6394,6212,1,265233,266225,0.37,;early_stop,results-C2.csv
max_filter,Halide_vectorize_to_parallel,max_filter_generator.cpp,108,26,OK,1,1.20302,0.05004,21,9.62415,0.00000,4,1,1,8.42113,700.00,0.15013,KILLED_O3,313992,0.0,-100.00,280,326,1,3858,3442,1,229999,229295,-0.31,timeout-capped;early_stop,results-D2.csv
conv_layer,Halide_parallel_to_vectorize,conv_layer_generator.cpp,179,18,OK,1,6.91160,2.27488,21,31.37994,0.27556,4,1,0,24.46834,354.02,6.82464,KILLED_O3,39936,39936.0,0.00,507,497,1,1894,30478,1,89165,185997,108.60,;early_stop,results-A3.csv
depthwise_separable_conv,Halide_vectorize_to_parallel,depthwise_separable_conv_generator.cpp,252,18,OK,1,0.60131,0.20037,21,5.00000,0.00000,4,1,1,4.39869,731.51,0.60110,KILLED_O3,19828,0.0,-100.00,672,924,1,6054,5440,1,131032,132568,1.17,timeout-capped;early_stop,results-A3.csv
depthwise_separable_conv,Halide_vectorize_to_parallel,depthwise_separable_conv_generator.cpp,261,18,OK,1,0.60131,0.20037,21,0.75228,0.35098,9,0,0,0.15096,25.11,0.60110,SURVIVED_O3,19828,20048,1.11,672,699,1,6054,5568,1,131032,130904,-0.10,,results-A3.csv
depthwise_separable_conv,Halide_vectorize_to_parallel,depthwise_separable_conv_generator.cpp,266,18,OK,1,0.60131,0.20037,21,3.88216,1.10170,4,1,0,3.28084,545.61,0.60110,KILLED_O3,19828,20048.0,1.11,672,735,1,6054,2876,1,131032,118392,-9.65,;early_stop,results-A3.csv
depthwise_separable_conv,Halide_vectorize_to_parallel,depthwise_separable_conv_generator.cpp,275,18,OK,1,0.60131,0.20037,21,5.00000,0.00000,4,1,1,4.39869,731.51,0.60110,KILLED_O3,19828,0.0,-100.00,672,872,1,6054,5474,1,131032,133304,1.73,timeout-capped;early_stop,results-A3.csv
depthwise_separable_conv,Halide_vectorize_to_unroll,depthwise_separable_conv_generator.cpp,240,18,OK,1,0.60131,0.20037,21,0.45130,0.17536,9,0,0,-0.15001,-24.95,0.60110,SURVIVED_O3,19828,20048,1.11,672,852,1,6054,5986,1,131032,130200,-0.63,,results-A3.csv
depthwise_separable_conv,Halide_vectorize_to_unroll,depthwise_separable_conv_generator.cpp,247,18,OK,1,0.60131,0.20037,21,0.45115,0.12524,9,0,0,-0.15016,-24.97,0.60110,SURVIVED_O3,19828,20048,1.11,672,852,1,6054,6054,0,131032,130360,-0.51,,results-A3.csv
depthwise_separable_conv,Halide_vectorize_to_unroll,depthwise_separable_conv_generator.cpp,252,18,OK,1,0.60131,0.20037,21,0.45124,0.17536,9,0,0,-0.15007,-24.96,0.60110,SURVIVED_O3,19828,20048,1.11,672,942,1,6054,6054,0,131032,131000,-0.02,,results-A3.csv
depthwise_separable_conv,Halide_vectorize_to_unroll,depthwise_separable_conv_generator.cpp,261,18,OK,1,0.60131,0.20037,21,0.40137,0.12542,9,0,0,-0.19995,-33.25,0.60110,SURVIVED_O3,19828,20048,1.11,672,942,1,6054,5722,1,131032,130040,-0.76,,results-A3.csv
depthwise_separable_conv,Halide_vectorize_to_unroll,depthwise_separable_conv_generator.cpp,266,18,OK,1,0.60131,0.20037,21,0.45111,0.17517,9,0,0,-0.15020,-24.98,0.60110,SURVIVED_O3,19828,20048,1.11,672,1389,1,6054,4314,1,131032,138808,5.93,,results-A3.csv
depthwise_separable_conv,Halide_vectorize_to_unroll,depthwise_separable_conv_generator.cpp,275,18,OK,1,0.60131,0.20037,21,0.40108,0.00012,9,0,0,-0.20023,-33.30,0.60110,SURVIVED_O3,19828,20048,1.11,672,756,1,6054,6178,1,131032,130712,-0.24,,results-A3.csv
iir_blur,Halide_vectorize_to_parallel,iir_blur_generator.cpp,45,18,OK,1,6.81235,0.07591,21,52.80879,2.40577,4,1,0,45.99644,675.19,0.22774,KILLED_O3,187696,254754.0,35.73,274,302,1,3494,3438,1,227455,227807,0.15,;early_stop,results-A3.csv
iir_blur,Halide_vectorize_to_unroll,iir_blur_generator.cpp,45,18,OK,1,6.81235,0.07591,21,6.71318,0.02553,9,0,0,-0.09918,-1.46,0.22774,SURVIVED_O3,187696,187700,0.00,274,288,1,3494,3482,1,227455,227551,0.04,,results-A3.csv
iir_blur,Halide_vectorize_to_unroll,iir_blur_generator.cpp,56,18,OK,1,6.81235,0.07591,21,7.11360,0.02535,9,0,0,0.30125,4.42,0.22774,KILLED_O3,187696,187676,-0.01,274,336,1,3494,3494,0,227455,227455,0.00,,results-A3.csv
iir_blur,Halide_vectorize_to_unroll,iir_blur_generator.cpp,59,18,OK,1,6.81235,0.07591,21,7.11376,0.09934,9,0,0,0.30141,4.42,0.22774,KILLED_O3,187696,187700,0.00,274,336,1,3494,3494,0,227455,227455,0.00,,results-A3.csv
bilateral_grid,Halide_unroll_to_parallel,bilateral_grid_generator.cpp,147,18,OK,1,2.15423,0.02527,21,17.23384,0.00000,4,1,1,15.07961,700.00,0.07580,KILLED_O3,44868,0.0,-100.00,515,508,1,7026,6842,1,248969,247593,-0.55,timeout-capped;early_stop,results-B3.csv
bilateral_grid,Halide_unroll_to_vectorize,bilateral_grid_generator.cpp,132,18,OK,1,2.15423,0.02527,21,3.20658,1.67778,4,1,0,1.05235,48.85,0.07580,KILLED_O3,44868,45398.0,1.18,515,515,0,7026,8126,1,248969,252585,1.45,;early_stop,results-B3.csv
bilateral_grid,Halide_unroll_to_vectorize,bilateral_grid_generator.cpp,136,18,OK,1,2.15423,0.02527,21,2.25490,0.02569,9,0,0,0.10067,4.67,0.07580,KILLED_O3,44868,44880,0.03,515,507,1,7026,7158,1,248969,249385,0.17,,results-B3.csv
bilateral_grid,Halide_unroll_to_vectorize,bilateral_grid_generator.cpp,141,18,OK,1,2.15423,0.02527,21,2.20590,0.04985,9,0,0,0.05167,2.40,0.07580,SURVIVED_O3,44868,45044,0.39,515,528,1,7026,8532,1,248969,254025,2.03,,results-B3.csv
bilateral_grid,Halide_unroll_to_vectorize,bilateral_grid_generator.cpp,147,18,OK,1,2.15423,0.02527,21,2.20457,0.00057,9,0,0,0.05034,2.34,0.07580,SURVIVED_O3,44868,44884,0.04,515,529,1,7026,7720,1,248969,253321,1.75,,results-B3.csv
bilateral_grid,Halide_vectorize_to_parallel,bilateral_grid_generator.cpp,131,18,OK,1,2.15423,0.02527,21,3.18166,0.20099,4,1,0,1.02743,47.69,0.07580,KILLED_O3,44868,45954.0,2.42,515,561,1,7026,7026,0,248969,249481,0.21,;early_stop,results-B3.csv
bilateral_grid,Halide_vectorize_to_parallel,bilateral_grid_generator.cpp,140,18,OK,1,2.15423,0.02527,21,9.69190,0.57590,4,1,0,7.53767,349.90,0.07580,KILLED_O3,44868,45310.0,0.99,515,534,1,7026,6990,1,248969,248809,-0.06,;early_stop,results-B3.csv
bilateral_grid,Halide_vectorize_to_parallel,bilateral_grid_generator.cpp,146,18,OK,1,2.15423,0.02527,21,15.67858,3.31335,4,1,1,13.52435,627.80,0.07580,KILLED_O3,44868,23034.0,-48.66,515,516,1,7026,6844,1,248969,247561,-0.57,timeout-capped;early_stop,results-B3.csv
bilateral_grid,Halide_vectorize_to_unroll,bilateral_grid_generator.cpp,131,18,OK,1,2.15423,0.02527,21,2.15410,0.00043,9,0,0,-0.00013,-0.01,0.07580,SURVIVED_O3,44868,44960,0.21,515,641,1,7026,7586,1,248969,254729,2.31,,results-B3.csv
bilateral_grid,Halide_vectorize_to_unroll,bilateral_grid_generator.cpp,146,18,OK,1,2.15423,0.02527,21,2.20372,0.02539,9,0,0,0.04949,2.30,0.07580,SURVIVED_O3,44868,44840,-0.06,515,580,1,7026,7502,1,248969,251977,1.21,,results-B3.csv
bilateral_grid,Halide_vectorize_to_unroll,bilateral_grid_generator.cpp,150,18,OK,1,2.15423,0.02527,21,2.10426,0.00085,9,0,0,-0.04997,-2.32,0.07580,SURVIVED_O3,44868,44676,-0.43,515,704,1,7026,6092,1,248969,254057,2.04,,results-B3.csv
harris,Halide_store_at_to_compute_at,harris_generator.cpp,114,22,OK,1,0.75152,0.20031,21,0.95206,0.12526,9,0,0,0.20054,26.68,0.60092,SURVIVED_O3,81204,81284,0.10,244,222,1,4067,4091,1,283323,283579,0.09,,results-B3.csv
harris,Halide_vectorize_to_parallel,harris_generator.cpp,113,22,OK,1,0.75152,0.20031,21,1.60301,0.22546,9,0,0,0.85149,113.30,0.60092,KILLED_O3,81204,85296,5.04,244,232,1,4067,3857,1,283323,282587,-0.26,,results-B3.csv
harris,Halide_vectorize_to_parallel,harris_generator.cpp,116,22,OK,1,0.75152,0.20031,21,1.35275,0.04994,9,0,0,0.60123,80.00,0.60092,KILLED_O3,81204,86320,6.30,244,256,1,4067,4065,1,283323,283099,-0.08,,results-B3.csv
harris,Halide_vectorize_to_unroll,harris_generator.cpp,116,22,OK,1,0.75152,0.20031,21,0.90230,0.00059,9,0,0,0.15078,20.06,0.60092,SURVIVED_O3,81204,82224,1.26,244,258,1,4067,4067,0,283323,283323,0.00,,results-B3.csv
harris,Halide_vectorize_to_unroll,harris_generator.cpp,119,22,OK,1,0.75152,0.20031,21,0.75190,0.20018,9,0,0,0.00038,0.05,0.60092,SURVIVED_O3,81204,81380,0.22,244,279,1,4067,4179,1,283323,283579,0.09,,results-B3.csv
harris,Halide_vectorize_to_unroll,harris_generator.cpp,122,22,OK,1,0.75152,0.20031,21,0.75228,0.17539,9,0,0,0.00076,0.10,0.60092,SURVIVED_O3,81204,82224,1.26,244,286,1,4067,4161,1,283323,283579,0.09,,results-B3.csv
nl_means,Halide_unroll_to_parallel,nl_means_generator.cpp,150,18,OK,1,3.00674,0.05213,21,24.05393,0.00000,4,1,1,21.04719,700.00,0.15638,KILLED_O3,113968,0.0,-100.00,1028,1042,1,6394,6246,1,265233,269297,1.53,timeout-capped;early_stop,results-C3.csv
nl_means,Halide_unroll_to_vectorize,nl_means_generator.cpp,146,18,OK,1,3.00674,0.05213,21,3.00596,0.02552,9,0,0,-0.00078,-0.03,0.15638,SURVIVED_O3,113968,113964,-0.00,1028,1016,1,6394,6172,1,265233,263985,-0.47,,results-C3.csv
nl_means,Halide_unroll_to_vectorize,nl_means_generator.cpp,150,18,OK,1,3.00674,0.05213,21,3.30598,0.05000,9,0,0,0.29924,9.95,0.15638,KILLED_O3,113968,113964,-0.00,1028,960,1,6394,10142,1,265233,275697,3.95,,results-C3.csv
nl_means,Halide_vectorize_to_parallel,nl_means_generator.cpp,137,18,OK,1,3.00674,0.05213,21,3.85722,0.20087,4,1,0,0.85048,28.29,0.15638,KILLED_O3,113968,127276.0,11.68,1028,1147,1,6394,6274,1,265233,265457,0.08,;early_stop,results-C3.csv
nl_means,Halide_vectorize_to_parallel,nl_means_generator.cpp,140,18,OK,1,3.00674,0.05213,21,12.87374,1.22661,4,1,0,9.86700,328.16,0.15638,KILLED_O3,113968,144684.0,26.95,1028,1104,1,6394,6304,1,265233,265969,0.28,;early_stop,results-C3.csv
nl_means,Halide_vectorize_to_parallel,nl_means_generator.cpp,142,18,OK,1,3.00674,0.05213,21,24.05393,0.00000,4,1,1,21.04719,700.00,0.15638,KILLED_O3,113968,0.0,-100.00,1028,1228,1,6394,6028,1,265233,265553,0.12,timeout-capped;early_stop,results-C3.csv
nl_means,Halide_vectorize_to_parallel,nl_means_generator.cpp,147,18,OK,1,3.00674,0.05213,21,2.95605,0.04981,9,0,0,-0.05070,-1.69,0.15638,SURVIVED_O3,113968,113964,-0.00,1028,1036,1,6394,6370,1,265233,265105,-0.05,,results-C3.csv
nl_means,Halide_vectorize_to_parallel,nl_means_generator.cpp,151,18,OK,1,3.00674,0.05213,21,3.20615,0.05010,9,0,0,0.19940,6.63,0.15638,KILLED_O3,113968,113964,-0.00,1028,1048,1,6394,5452,1,265233,265393,0.06,,results-C3.csv
nl_means,Halide_vectorize_to_parallel,nl_means_generator.cpp,153,18,OK,1,3.00674,0.05213,21,3.25587,0.05099,9,0,0,0.24912,8.29,0.15638,KILLED_O3,113968,113964,-0.00,1028,1040,1,6394,6456,1,265233,265585,0.13,,results-C3.csv
nl_means,Halide_vectorize_to_unroll,nl_means_generator.cpp,137,18,OK,1,3.00674,0.05213,21,2.95576,0.05016,9,0,0,-0.05098,-1.70,0.15638,SURVIVED_O3,113968,113964,-0.00,1028,1140,1,6394,7110,1,265233,268561,1.25,,results-C3.csv
nl_means,Halide_vectorize_to_unroll,nl_means_generator.cpp,140,18,OK,1,3.00674,0.05213,21,3.78186,0.07567,4,1,0,0.77512,25.78,0.15638,KILLED_O3,113968,113806.0,-0.14,1028,1532,1,6394,7238,1,265233,273137,2.98,;early_stop,results-C3.csv
nl_means,Halide_vectorize_to_unroll,nl_means_generator.cpp,142,18,OK,1,3.00674,0.05213,21,3.45687,0.00123,9,0,0,0.45012,14.97,0.15638,KILLED_O3,113968,113964,-0.00,1028,1965,1,6394,9560,1,265233,282961,6.68,,results-C3.csv
nl_means,Halide_vectorize_to_unroll,nl_means_generator.cpp,147,18,OK,1,3.00674,0.05213,21,2.95504,0.00101,9,0,0,-0.05170,-1.72,0.15638,SURVIVED_O3,113968,113964,-0.00,1028,1140,1,6394,6172,1,265233,263985,-0.47,,results-C3.csv
nl_means,Halide_vectorize_to_unroll,nl_means_generator.cpp,151,18,OK,1,3.00674,0.05213,21,2.95602,0.05050,9,0,0,-0.05072,-1.69,0.15638,SURVIVED_O3,113968,113964,-0.00,1028,1594,1,6394,6388,1,265233,266033,0.30,,results-C3.csv
nl_means,Halide_vectorize_to_unroll,nl_means_generator.cpp,153,18,OK,1,3.00674,0.05213,21,3.10560,0.05008,9,0,0,0.09886,3.29,0.15638,SURVIVED_O3,113968,113964,-0.00,1028,1392,1,6394,7008,1,265233,266705,0.55,,results-C3.csv
max_filter,Halide_vectorize_to_parallel,max_filter_generator.cpp,111,22,OK,1,1.25292,0.09983,21,10.02338,0.00000,4,1,1,8.77045,700.00,0.29949,KILLED_O3,313992,0.0,-100.00,280,296,1,3858,3858,0,229999,230255,0.11,timeout-capped;early_stop,results-D3.csv
max_filter,Halide_vectorize_to_parallel,max_filter_generator.cpp,113,22,OK,1,1.25292,0.09983,21,10.02338,0.00000,4,1,1,8.77045,700.00,0.29949,KILLED_O3,313992,0.0,-100.00,280,294,1,3858,3850,1,229999,230223,0.10,timeout-capped;early_stop,results-D3.csv
max_filter,Halide_vectorize_to_unroll,max_filter_generator.cpp,106,22,OK,1,1.25292,0.09983,21,1.75447,0.72623,9,0,1,0.50155,40.03,0.29949,KILLED_O3,313992,313988,-0.00,280,364,1,3858,3924,1,229999,230959,0.42,timeout-capped,results-D3.csv
max_filter,Halide_vectorize_to_unroll,max_filter_generator.cpp,108,26,OK,1,1.25292,0.09983,21,1.30322,0.22528,9,0,0,0.05029,4.01,0.29949,SURVIVED_O3,313992,313992,0.00,280,316,1,3858,4298,1,229999,231247,0.54,,results-D3.csv
max_filter,Halide_vectorize_to_unroll,max_filter_generator.cpp,111,22,OK,1,1.25292,0.09983,21,1.25330,0.07496,9,0,0,0.00038,0.03,0.29949,SURVIVED_O3,313992,313992,0.00,280,294,1,3858,3914,1,229999,230287,0.13,,results-D3.csv
max_filter,Halide_vectorize_to_unroll,max_filter_generator.cpp,113,22,OK,1,1.25292,0.09983,21,1.25304,0.07543,9,0,0,0.00011,0.01,0.29949,SURVIVED_O3,313992,313992,0.00,280,329,1,3858,3858,0,229999,229999,0.00,,results-D3.csv
unsharp,Halide_store_at_to_compute_at,unsharp_generator.cpp,99,22,OK,1,2.10446,0.22536,21,2.00424,0.15039,9,0,0,-0.10023,-4.76,0.67608,SURVIVED_O3,129332,130196,0.67,296,262,1,4674,4754,1,235919,235311,-0.26,,results-D3.csv
unsharp,Halide_vectorize_to_parallel,unsharp_generator.cpp,100,22,OK,1,2.10446,0.22536,21,2.45442,0.15032,9,0,0,0.34995,16.63,0.67608,SURVIVED_O3,129332,131372,1.58,296,332,1,4674,3860,1,235919,233839,-0.88,,results-D3.csv
unsharp,Halide_vectorize_to_parallel,unsharp_generator.cpp,103,22,OK,1,2.10446,0.22536,21,2.40447,0.07512,9,0,0,0.30000,14.26,0.67608,SURVIVED_O3,129332,131376,1.58,296,328,1,4674,4656,1,235919,235855,-0.03,,results-D3.csv
unsharp,Halide_vectorize_to_parallel,unsharp_generator.cpp,106,22,OK,1,2.10446,0.22536,21,2.30459,0.24994,9,0,0,0.20012,9.51,0.67608,SURVIVED_O3,129332,131380,1.58,296,323,1,4674,4640,1,235919,236783,0.37,,results-D3.csv
unsharp,Halide_vectorize_to_parallel,unsharp_generator.cpp,95,22,OK,1,2.10446,0.22536,21,3.75573,0.42411,9,0,0,1.65127,78.47,0.67608,KILLED_O3,129332,131376,1.58,296,322,1,4674,4736,1,235919,236367,0.19,,results-D3.csv
unsharp,Halide_vectorize_to_unroll,unsharp_generator.cpp,103,22,OK,1,2.10446,0.22536,21,2.05423,0.25019,9,0,0,-0.05024,-2.39,0.67608,SURVIVED_O3,129332,129328,-0.00,296,324,1,4674,4674,0,235919,236111,0.08,,results-D3.csv
unsharp,Halide_vectorize_to_unroll,unsharp_generator.cpp,95,22,OK,1,2.10446,0.22536,21,1.90417,0.20057,9,0,0,-0.20030,-9.52,0.67608,SURVIVED_O3,129332,129328,-0.00,296,324,1,4674,4674,0,235919,235983,0.03,,results-D3.csv
