app,route,target_kind,mutant_uid,op_id,file,line,column,target,ordinal_this_run,stage_compile,stage_genlink,stage_generate,stage_link,tce_lib,stmt_sha,stmt_differs,equivalent,test1_demo,test2_added,test2_method,test3_perf,killed_by,exit_code,wall_seconds,perf_median,artifact_digest,tool_id,note
depthwise_separable_conv,ast_mutator,generator,080be97035aa844f,halide_rel_swap,depthwise_separable_conv_generator.cpp,36,29,operator>= -> operator<,m001_halide_rel_swap_operator_lt,OK,OK,OK,OK,aa47032c412c09f8,8ca80c64f30a9bc9,1,,SURVIVED,KILLED,output_compare,,test2_added,0,0.237,,12ee0736c6e7148d,50e3753d90ef,
depthwise_separable_conv,ast_mutator,generator,d4b5d571eea120bd,halide_rel_swap,depthwise_separable_conv_generator.cpp,36,29,operator>= -> operator==,m004_halide_rel_swap_operator_eq_eq,OK,OK,OK,OK,4ceb4e4753ed4dd1,db49f87f22c8a1c8,1,,SURVIVED,KILLED,output_compare,,test2_added,0,0.769,,a123b5df39091a97,50e3753d90ef,
depthwise_separable_conv,ast_mutator,generator,c491551b48a01a8d,halide_rel_swap,depthwise_separable_conv_generator.cpp,36,29,operator>= -> operator!=,m005_halide_rel_swap_operator_not_eq,OK,OK,OK,OK,3c7b7f8d7cb14a24,67300bb5e736090d,1,,SURVIVED,KILLED,output_compare,,test2_added,0,1.123,,7ecf904ecd7ed289,50e3753d90ef,
depthwise_separable_conv,ast_mutator,generator,3a2eb4955927fa49,halide_rel_swap,depthwise_separable_conv_generator.cpp,36,29,operator>= -> operator<=,m002_halide_rel_swap_operator_lt_eq,OK,OK,OK,OK,d0111cfdd95d90bd,cf0d88adffa200e0,1,,SURVIVED,KILLED,output_compare,,test2_added,0,0.925,,966825ccac4d05ae,50e3753d90ef,
depthwise_separable_conv,ast_mutator,generator,14fbdd738649ef69,halide_rel_swap,depthwise_separable_conv_generator.cpp,36,29,operator>= -> operator>,m003_halide_rel_swap_operator_gt,OK,OK,OK,OK,32c174aef593fe55,4bc6c26bdca1da32,1,,SURVIVED,KILLED,output_compare,,test2_added,0,0.632,,4e0bd0f4c63dcf66,50e3753d90ef,
depthwise_separable_conv,ast_mutator,generator,3d8695a6bbc29bd0,halide_rel_swap,depthwise_separable_conv_generator.cpp,36,39,operator< -> operator<=,m006_halide_rel_swap_operator_lt_eq,OK,OK,OK,OK,858e0326d4abe18f,e006f231b1ea26e7,1,,SURVIVED,KILLED,output_compare,,test2_added,0,1.138,,65c4fbef3bfc2914,50e3753d90ef,
depthwise_separable_conv,ast_mutator,generator,717ea9377d0d5748,halide_rel_swap,depthwise_separable_conv_generator.cpp,36,39,operator< -> operator>=,m008_halide_rel_swap_operator_gt_eq,OK,OK,OK,OK,6d50f0851dcd37cd,8bbd1f7d7906bf33,1,,SURVIVED,KILLED,output_compare,,test2_added,0,0.235,,8bbcf569027e1362,50e3753d90ef,
depthwise_separable_conv,ast_mutator,generator,0c3fa4f1fc04ec68,halide_rel_swap,depthwise_separable_conv_generator.cpp,36,39,operator< -> operator>,m007_halide_rel_swap_operator_gt,OK,OK,OK,OK,c604596b45a3336f,4c4ba29091cea851,1,,SURVIVED,KILLED,output_compare,,test2_added,0,0.627,,1f6c5414995d64ad,50e3753d90ef,
depthwise_separable_conv,ast_mutator,generator,cdd67c7b1de010cd,halide_rel_swap,depthwise_separable_conv_generator.cpp,36,39,operator< -> operator==,m009_halide_rel_swap_operator_eq_eq,OK,OK,OK,OK,e8c51e88633a3693,be97e32a39aa6750,1,,SURVIVED,KILLED,output_compare,,test2_added,0,0.661,,8bbcf569027e1362,50e3753d90ef,
depthwise_separable_conv,ast_mutator,generator,38fc66a77bfe7ecf,halide_rel_swap,depthwise_separable_conv_generator.cpp,37,29,operator>= -> operator<,m011_halide_rel_swap_operator_lt,OK,OK,OK,OK,61d2337776e7bc6c,7feb29dd3534e7e0,1,,SURVIVED,KILLED,output_compare,,test2_added,0,0.615,,488374f10cb40fca,50e3753d90ef,
depthwise_separable_conv,ast_mutator,generator,f51a6f22c88b020f,halide_rel_swap,depthwise_separable_conv_generator.cpp,36,39,operator< -> operator!=,m010_halide_rel_swap_operator_not_eq,OK,OK,OK,OK,50de3f619371b83d,1bf93c3cb428a027,1,,SURVIVED,SURVIVED,output_compare,,,0,0.964,,d5e3fe608e027f18,50e3753d90ef,
depthwise_separable_conv,ast_mutator,generator,6b8d68250576ea1e,halide_rel_swap,depthwise_separable_conv_generator.cpp,37,29,operator>= -> operator>,m013_halide_rel_swap_operator_gt,OK,OK,OK,OK,1961deec07d3eebb,7d4bff0e9c6ca668,1,,SURVIVED,KILLED,output_compare,,test2_added,0,0.513,,833d00b763f8eee4,50e3753d90ef,
depthwise_separable_conv,ast_mutator,generator,580a69973a704ff5,halide_rel_swap,depthwise_separable_conv_generator.cpp,37,29,operator>= -> operator!=,m015_halide_rel_swap_operator_not_eq,OK,OK,OK,OK,224861f57e4ee945,bc1d54688a595703,1,,SURVIVED,KILLED,output_compare,,test2_added,0,1.230,,76ade981f90fabd7,50e3753d90ef,
depthwise_separable_conv,ast_mutator,generator,d1b989ede3fe1451,halide_rel_swap,depthwise_separable_conv_generator.cpp,37,29,operator>= -> operator==,m014_halide_rel_swap_operator_eq_eq,OK,OK,OK,OK,17422c1dbdb2b97f,c331a888dabebc74,1,,SURVIVED,KILLED,output_compare,,test2_added,0,1.029,,e9dc79b23ee8f5a5,50e3753d90ef,
depthwise_separable_conv,ast_mutator,generator,59853de922f9589e,halide_rel_swap,depthwise_separable_conv_generator.cpp,37,29,operator>= -> operator<=,m012_halide_rel_swap_operator_lt_eq,OK,OK,OK,OK,3267f3fa0e50ecdb,ba5ed7b8eb9c4f79,1,,SURVIVED,KILLED,output_compare,,test2_added,0,0.351,,88aef1db8f9ceb73,50e3753d90ef,
depthwise_separable_conv,ast_mutator,generator,fe84f76c6f7ee64d,halide_rel_swap,depthwise_separable_conv_generator.cpp,37,39,operator< -> operator<=,m016_halide_rel_swap_operator_lt_eq,OK,OK,OK,OK,bd1eda7a0bbc1a6d,354973963ebe9692,1,,SURVIVED,KILLED,output_compare,,test2_added,0,1.008,,0391aee73b058577,50e3753d90ef,
depthwise_separable_conv,ast_mutator,generator,07065e8b011eecbb,halide_rel_swap,depthwise_separable_conv_generator.cpp,37,39,operator< -> operator>,m017_halide_rel_swap_operator_gt,OK,OK,OK,OK,293b9f3b8fa16d5c,a406a628f9cd1b06,1,,SURVIVED,KILLED,output_compare,,test2_added,0,0.862,,1f6c5414995d64ad,50e3753d90ef,
depthwise_separable_conv,ast_mutator,generator,bb851eb952cac3d9,halide_rel_swap,depthwise_separable_conv_generator.cpp,37,39,operator< -> operator>=,m018_halide_rel_swap_operator_gt_eq,OK,OK,OK,OK,918e144fc4f9ae22,17569c26a0ee37eb,1,,SURVIVED,KILLED,output_compare,,test2_added,0,0.967,,cd521cf8941f4982,50e3753d90ef,
depthwise_separable_conv,ast_mutator,generator,7f1b0a9a098e0834,halide_rel_swap,depthwise_separable_conv_generator.cpp,37,39,operator< -> operator==,m019_halide_rel_swap_operator_eq_eq,OK,OK,OK,OK,7e4d1f8d5f91250d,d3128591c3332155,1,,SURVIVED,KILLED,output_compare,,test2_added,0,0.439,,cd521cf8941f4982,50e3753d90ef,
depthwise_separable_conv,ast_mutator,generator,ed9d3681624edce5,halide_select_arg_swap,depthwise_separable_conv_generator.cpp,41,13,"Halide::select(arg1, arg2) -> Halide::select(arg2, arg1)",m023_halide_select_arg_swap_select_arg2__arg1_,OK,OK,OK,OK,c217049565ea04d6,20f9bd54b0b05ef0,1,,SURVIVED,KILLED,output_compare,,test2_added,0,0.969,,4f711b434ffd6145,50e3753d90ef,
depthwise_separable_conv,ast_mutator,generator,8f240962dd0d87fc,halide_rel_swap,depthwise_separable_conv_generator.cpp,37,39,operator< -> operator!=,m020_halide_rel_swap_operator_not_eq,OK,OK,OK,OK,b51940420a93e539,1a46d509697567b1,1,,SURVIVED,SURVIVED,output_compare,,,0,0.922,,d5e3fe608e027f18,50e3753d90ef,
depthwise_separable_conv,ast_mutator,generator,2717b236100ff0e4,halide_clamp_arg_swap,depthwise_separable_conv_generator.cpp,38,26,"Halide::clamp(arg1, arg2) -> Halide::clamp(arg2, arg1)",m021_halide_clamp_arg_swap_clamp_arg2__arg1_,OK,OK,OK,OK,86440fa3c869ba5a,8e25ede12f9be1e8,1,,SURVIVED,KILLED,output_compare,,test2_added,0,0.970,,f36059b0093e1d70,50e3753d90ef,
depthwise_separable_conv,ast_mutator,generator,7da0712f7428f081,halide_clamp_arg_swap,depthwise_separable_conv_generator.cpp,39,26,"Halide::clamp(arg1, arg2) -> Halide::clamp(arg2, arg1)",m022_halide_clamp_arg_swap_clamp_arg2__arg1_,OK,OK,OK,OK,e079b25845739246,a7b2ca27e49398e8,1,,SURVIVED,KILLED,output_compare,,test2_added,0,0.684,,0280557754252594,50e3753d90ef,
depthwise_separable_conv,ast_mutator,generator,096fc6dc3bfd221a,halide_select_to_if_then_else,depthwise_separable_conv_generator.cpp,41,13,Halide::select -> Internal::Call::if_then_else,m024_halide_select_to_if_then_else_if_then_else,OK,OK,OK,OK,5c7f98a3dada128d,d16e944797c7865c,1,,SURVIVED,SURVIVED,output_compare,,,0,1.028,,d5e3fe608e027f18,50e3753d90ef,
depthwise_separable_conv,ast_mutator,generator,159379e74a737f36,halide_arith_swap,depthwise_separable_conv_generator.cpp,48,59,operator/ -> operator+,m025_halide_arith_swap_operator_add,OK,OK,OK,OK,dc7fe737b2f21102,367c5838ba5e7699,1,,SURVIVED,KILLED,output_compare,,test2_added,0,0.906,,f648a6243c015a96,50e3753d90ef,
depthwise_separable_conv,ast_mutator,generator,8a3588daf37e572c,halide_arith_swap,depthwise_separable_conv_generator.cpp,49,60,operator/ -> operator+,m028_halide_arith_swap_operator_add,OK,OK,OK,OK,156fd6ba0bd6de6d,25ad8aa1f0198706,1,,SURVIVED,KILLED,output_compare,,test2_added,0,0.935,,0f2b988e7acbbac7,50e3753d90ef,
depthwise_separable_conv,ast_mutator,generator,d112995dd47442f2,halide_arith_swap,depthwise_separable_conv_generator.cpp,48,59,operator/ -> operator-,m026_halide_arith_swap_operator_sub,OK,OK,OK,OK,7e75a3be0666a6b3,822324f4d7315371,1,,SURVIVED,SURVIVED,output_compare,,,0,0.880,,d5e3fe608e027f18,50e3753d90ef,
depthwise_separable_conv,ast_mutator,generator,3c7a0f1e63eda14b,halide_arith_swap,depthwise_separable_conv_generator.cpp,48,59,operator/ -> operator*,m027_halide_arith_swap_operator_mul,OK,OK,OK,OK,f1cb22f5525dcf10,ff697cb3d65fe31d,1,,SURVIVED,KILLED,output_compare,,test2_added,0,0.960,,cde4b0b6950e05c0,50e3753d90ef,
depthwise_separable_conv,ast_mutator,generator,bebb52d162685461,halide_arith_swap,depthwise_separable_conv_generator.cpp,49,60,operator/ -> operator-,m029_halide_arith_swap_operator_sub,OK,OK,OK,OK,6dc15e67287d4f19,b0640096a4c6684e,1,,SURVIVED,SURVIVED,output_compare,,,0,0.885,,d5e3fe608e027f18,50e3753d90ef,
depthwise_separable_conv,ast_mutator,generator,da7a2dc1e602be33,halide_arith_swap,depthwise_separable_conv_generator.cpp,49,60,operator/ -> operator*,m030_halide_arith_swap_operator_mul,OK,OK,OK,OK,a5bd7f0b8e4a5e0e,f056c01c121690d7,1,,SURVIVED,KILLED,output_compare,,test2_added,0,0.793,,65706c8a302da255,50e3753d90ef,
depthwise_separable_conv,ast_mutator,generator,4e98dbef495e66a0,halide_arith_swap,depthwise_separable_conv_generator.cpp,58,45,operator* -> operator+,m031_halide_arith_swap_operator_add,OK,OK,OK,OK,c57b465c02d8f584,15235f45745f0ab0,1,,SURVIVED,KILLED,output_compare,,test2_added,0,0.561,,f99d263640fb42d6,50e3753d90ef,
depthwise_separable_conv,ast_mutator,generator,d190642b9894e16e,halide_arith_swap,depthwise_separable_conv_generator.cpp,59,29,operator/ -> operator+,m034_halide_arith_swap_operator_add,OK,OK,OK,OK,f2810352008cefe7,34dd5fd11582cf18,1,,KILLED,NOT_RUN,output_compare,,test1_demo,-6,0.092,,,50e3753d90ef,"golden driver exited -6, wrote no artifact -- test1 kill only, not a test2 kill"
depthwise_separable_conv,ast_mutator,generator,3ebe17e276ab7ec0,halide_arith_swap,depthwise_separable_conv_generator.cpp,58,45,operator* -> operator-,m032_halide_arith_swap_operator_sub,OK,OK,OK,OK,bf1fa4b844839d32,b77d47a7e1d463aa,1,,SURVIVED,KILLED,output_compare,,test2_added,0,0.974,,8e9ce05bef06f73a,50e3753d90ef,
depthwise_separable_conv,ast_mutator,generator,5cbe11f85349dec8,halide_arith_swap,depthwise_separable_conv_generator.cpp,58,45,operator* -> operator/,m033_halide_arith_swap_operator_div,OK,OK,OK,OK,acffbcac3ba3ef83,5daf0ff861426c9c,1,,SURVIVED,KILLED,output_compare,,test2_added,0,0.907,,efee6110f2301f30,50e3753d90ef,
depthwise_separable_conv,ast_mutator,generator,070c4d9b1a7bfaea,halide_arith_swap,depthwise_separable_conv_generator.cpp,59,29,operator/ -> operator-,m035_halide_arith_swap_operator_sub,OK,OK,OK,OK,14a05bcb50d3b458,ef93448ed8c2433f,1,,KILLED,NOT_RUN,output_compare,,test1_demo,-6,0.028,,,50e3753d90ef,"golden driver exited -6, wrote no artifact -- test1 kill only, not a test2 kill"
depthwise_separable_conv,ast_mutator,generator,d183dfd7d86eaee1,halide_arith_swap,depthwise_separable_conv_generator.cpp,59,29,operator/ -> operator*,m036_halide_arith_swap_operator_mul,OK,OK,OK,OK,bddf623ed762de5c,ad90c4c8f548ec64,1,,SURVIVED,SURVIVED,output_compare,,,0,1.134,,d5e3fe608e027f18,50e3753d90ef,
depthwise_separable_conv,ast_mutator,generator,4148c5d98e31846e,halide_arith_swap,depthwise_separable_conv_generator.cpp,60,34,operator- -> operator+,m037_halide_arith_swap_operator_add,OK,OK,OK,OK,e7a1e5681080ab83,d0f28334d3fabcba,1,,SURVIVED,KILLED,output_compare,,test2_added,0,0.961,,29aa20e1edd554c2,50e3753d90ef,
depthwise_separable_conv,ast_mutator,generator,343c2191a4b09169,halide_arith_swap,depthwise_separable_conv_generator.cpp,60,29,operator+ -> operator*,m041_halide_arith_swap_operator_mul,OK,OK,OK,OK,13e5c03f592d5ed0,cb6497661bd1d244,1,,SURVIVED,KILLED,output_compare,,test2_added,0,0.763,,14bd93a6581ec7c1,50e3753d90ef,
depthwise_separable_conv,ast_mutator,generator,da33b1912f78f310,halide_arith_swap,depthwise_separable_conv_generator.cpp,60,29,operator+ -> operator-,m040_halide_arith_swap_operator_sub,OK,OK,OK,OK,46d8926817065204,8edbc59116979827,1,,SURVIVED,KILLED,output_compare,,test2_added,0,0.784,,e74b1776f4896d01,50e3753d90ef,
depthwise_separable_conv,ast_mutator,generator,e40b9c4fe0f2234b,halide_arith_swap,depthwise_separable_conv_generator.cpp,60,34,operator- -> operator/,m039_halide_arith_swap_operator_div,OK,OK,OK,OK,a5c7a9bda251e2ca,957424a25c8c2b96,1,,SURVIVED,KILLED,output_compare,,test2_added,0,0.772,,10cc545e87f5400a,50e3753d90ef,
depthwise_separable_conv,ast_mutator,generator,7db4cdcac671258d,halide_arith_swap,depthwise_separable_conv_generator.cpp,60,34,operator- -> operator*,m038_halide_arith_swap_operator_mul,OK,OK,OK,OK,8b7bc13053ae7266,aed135de6e93e07e,1,,SURVIVED,KILLED,output_compare,,test2_added,0,0.884,,10cc545e87f5400a,50e3753d90ef,
depthwise_separable_conv,ast_mutator,generator,1a2282cd7688e1ef,halide_arith_swap,depthwise_separable_conv_generator.cpp,60,29,operator+ -> operator/,m042_halide_arith_swap_operator_div,OK,OK,OK,OK,534cfadd93652478,407b08850790db94,1,,SURVIVED,KILLED,output_compare,,test2_added,0,0.668,,a7e59c69aa9c1445,50e3753d90ef,
depthwise_separable_conv,ast_mutator,generator,303b88b920d49e86,halide_arith_swap,depthwise_separable_conv_generator.cpp,61,34,operator- -> operator+,m043_halide_arith_swap_operator_add,OK,OK,OK,OK,5d9326310ba3cd67,f36d5adaf28e1f64,1,,SURVIVED,KILLED,output_compare,,test2_added,0,0.776,,2b3c8f316efcffee,50e3753d90ef,
depthwise_separable_conv,ast_mutator,generator,6d2fbef56e25c648,halide_arith_swap,depthwise_separable_conv_generator.cpp,61,34,operator- -> operator*,m044_halide_arith_swap_operator_mul,OK,OK,OK,OK,cf8398ecff50c342,15cc2295d04bbe9f,1,,SURVIVED,KILLED,output_compare,,test2_added,0,0.636,,d5860bf753b811a6,50e3753d90ef,
depthwise_separable_conv,ast_mutator,generator,72fe084eef740c74,halide_arith_swap,depthwise_separable_conv_generator.cpp,61,29,operator+ -> operator-,m046_halide_arith_swap_operator_sub,OK,OK,OK,OK,d4a7df4b8e68a445,cd551ceab6f79ef1,1,,SURVIVED,KILLED,output_compare,,test2_added,0,0.788,,ecae21eef97d3778,50e3753d90ef,
depthwise_separable_conv,ast_mutator,generator,6b33085441b2af64,halide_arith_swap,depthwise_separable_conv_generator.cpp,61,29,operator+ -> operator*,m047_halide_arith_swap_operator_mul,OK,OK,OK,OK,209effbfbd9b8e39,1bb91f99c6d5afc3,1,,SURVIVED,KILLED,output_compare,,test2_added,0,1.014,,4028ba924454d3a4,50e3753d90ef,
depthwise_separable_conv,ast_mutator,generator,3c6158144e81837b,halide_arith_swap,depthwise_separable_conv_generator.cpp,61,34,operator- -> operator/,m045_halide_arith_swap_operator_div,OK,OK,OK,OK,97d5587939e2e807,0fc357d048db572a,1,,SURVIVED,KILLED,output_compare,,test2_added,0,1.057,,d5860bf753b811a6,50e3753d90ef,
depthwise_separable_conv,ast_mutator,generator,71c0bcdeaaf99c6a,halide_arith_swap,depthwise_separable_conv_generator.cpp,61,29,operator+ -> operator/,m048_halide_arith_swap_operator_div,OK,OK,OK,OK,93675eb6628a08ce,4d9a822d58eddede,1,,SURVIVED,KILLED,output_compare,,test2_added,0,0.427,,a875153e67ceeffd,50e3753d90ef,
depthwise_separable_conv,ast_mutator,generator,f60de7eb82898c54,halide_arith_swap,depthwise_separable_conv_generator.cpp,71,37,operator* -> operator+,m049_halide_arith_swap_operator_add,OK,OK,OK,OK,6973bb47dbfa5505,764d6d4ba61c5814,1,,SURVIVED,KILLED,output_compare,,test2_added,0,0.822,,7902f3149b03a925,50e3753d90ef,
depthwise_separable_conv,ast_mutator,generator,fd192b65c3eb62e9,halide_arith_swap,depthwise_separable_conv_generator.cpp,71,37,operator* -> operator-,m050_halide_arith_swap_operator_sub,OK,OK,OK,OK,65f021ef590f71dd,af8bb5576b81d255,1,,SURVIVED,KILLED,output_compare,,test2_added,0,0.761,,5c8c79ffd4ef2ec9,50e3753d90ef,
depthwise_separable_conv,ast_mutator,generator,6f9e27aa053ccf50,halide_arith_swap,depthwise_separable_conv_generator.cpp,71,37,operator* -> operator/,m051_halide_arith_swap_operator_div,OK,OK,OK,OK,62c2fd20a1f076da,79ae2bd203c97286,1,,SURVIVED,KILLED,output_compare,,test2_added,0,0.581,,1f6c5414995d64ad,50e3753d90ef,
depthwise_separable_conv,ast_mutator,generator,813284e9ad8da1b2,halide_rel_swap,depthwise_separable_conv_generator.cpp,287,50,operator== -> operator>,m054_halide_rel_swap_operator_gt,OK,OK,OK,OK,52feaf6a7104d03f,c1ec5de38985c402,1,,KILLED,NOT_RUN,output_compare,,test1_demo,-6,0.023,,,50e3753d90ef,"golden driver exited -6, wrote no artifact -- test1 kill only, not a test2 kill"
depthwise_separable_conv,ast_mutator,generator,29549babf65ee4b1,halide_rel_swap,depthwise_separable_conv_generator.cpp,287,50,operator== -> operator<=,m053_halide_rel_swap_operator_lt_eq,OK,OK,OK,OK,4d4dbf8158c81e5d,fcc5122e8e44d546,1,,KILLED,NOT_RUN,output_compare,,test1_demo,-6,0.044,,,50e3753d90ef,"golden driver exited -6, wrote no artifact -- test1 kill only, not a test2 kill"
depthwise_separable_conv,ast_mutator,generator,1cdc1374e6ccb50e,halide_rel_swap,depthwise_separable_conv_generator.cpp,287,50,operator== -> operator<,m052_halide_rel_swap_operator_lt,OK,OK,OK,OK,e1de0ed7ede53658,8e224d5158bad5f1,1,,KILLED,NOT_RUN,output_compare,,test1_demo,-6,0.029,,,50e3753d90ef,"golden driver exited -6, wrote no artifact -- test1 kill only, not a test2 kill"
depthwise_separable_conv,ast_mutator,generator,14a1c6cd06965866,halide_rel_swap,depthwise_separable_conv_generator.cpp,288,53,operator== -> operator<=,m058_halide_rel_swap_operator_lt_eq,OK,OK,OK,OK,c9ce3306fc9e7020,c1c82234bafb10f5,0,tce_lib,NOT_RUN,NOT_RUN,,,,,,,,50e3753d90ef,emitted pipeline is bit-identical machine code: no test can distinguish it
depthwise_separable_conv,ast_mutator,generator,d6e11a963252d460,halide_rel_swap,depthwise_separable_conv_generator.cpp,287,50,operator== -> operator>=,m055_halide_rel_swap_operator_gt_eq,OK,OK,OK,OK,06d2888d2237e58d,968bdcd669c64510,1,,KILLED,NOT_RUN,output_compare,,test1_demo,-6,0.046,,,50e3753d90ef,"golden driver exited -6, wrote no artifact -- test1 kill only, not a test2 kill"
depthwise_separable_conv,ast_mutator,generator,ff49d6ec0e974078,halide_rel_swap,depthwise_separable_conv_generator.cpp,287,50,operator== -> operator!=,m056_halide_rel_swap_operator_not_eq,OK,OK,OK,OK,4e8cb66a140e19b7,a11a993948b16c00,1,,KILLED,NOT_RUN,output_compare,,test1_demo,-6,0.072,,,50e3753d90ef,"golden driver exited -6, wrote no artifact -- test1 kill only, not a test2 kill"
depthwise_separable_conv,ast_mutator,generator,9495878b01ad5fbd,halide_rel_swap,depthwise_separable_conv_generator.cpp,288,53,operator== -> operator<,m057_halide_rel_swap_operator_lt,OK,OK,OK,OK,53160e0fa2de8044,4efb568870ee6649,1,,KILLED,NOT_RUN,output_compare,,test1_demo,-6,0.050,,,50e3753d90ef,"golden driver exited -6, wrote no artifact -- test1 kill only, not a test2 kill"
depthwise_separable_conv,ast_mutator,generator,1449d01884ad01be,halide_rel_swap,depthwise_separable_conv_generator.cpp,288,53,operator== -> operator>,m059_halide_rel_swap_operator_gt,OK,OK,OK,OK,33605ffbc5eea451,80bca3e23cccec30,1,,KILLED,NOT_RUN,output_compare,,test1_demo,-6,0.087,,,50e3753d90ef,"golden driver exited -6, wrote no artifact -- test1 kill only, not a test2 kill"
depthwise_separable_conv,ast_mutator,generator,9fef6d55d94ec966,halide_rel_swap,depthwise_separable_conv_generator.cpp,288,53,operator== -> operator>=,m060_halide_rel_swap_operator_gt_eq,OK,OK,OK,OK,a589dd473d872cd2,864b5e95ae93f4e3,1,,SURVIVED,SURVIVED,output_compare,,,0,0.874,,d5e3fe608e027f18,50e3753d90ef,
depthwise_separable_conv,ast_mutator,generator,20a7fb56b5a9d5e7,halide_rel_swap,depthwise_separable_conv_generator.cpp,288,53,operator== -> operator!=,m061_halide_rel_swap_operator_not_eq,OK,OK,OK,OK,33605ffbc5eea451,80bca3e23cccec30,1,,KILLED,NOT_RUN,output_compare,,test1_demo,-6,0.061,,,50e3753d90ef,"golden driver exited -6, wrote no artifact -- test1 kill only, not a test2 kill"
depthwise_separable_conv,ast_mutator,generator,d3bba2d576e41d3a,halide_arith_swap,depthwise_separable_conv_generator.cpp,288,85,operator* -> operator-,m063_halide_arith_swap_operator_sub,OK,OK,OK,OK,0310c12e2f7a993e,c1b328a275967e48,1,,KILLED,NOT_RUN,output_compare,,test1_demo,-6,0.065,,,50e3753d90ef,"golden driver exited -6, wrote no artifact -- test1 kill only, not a test2 kill"
depthwise_separable_conv,ast_mutator,generator,1edb97bb26cad0fb,halide_arith_swap,depthwise_separable_conv_generator.cpp,288,85,operator* -> operator+,m062_halide_arith_swap_operator_add,OK,OK,OK,OK,c5bfbc17bce62df1,08b2ac6bfd29cca9,1,,KILLED,NOT_RUN,output_compare,,test1_demo,-6,0.023,,,50e3753d90ef,"golden driver exited -6, wrote no artifact -- test1 kill only, not a test2 kill"
depthwise_separable_conv,ast_mutator,generator,b9c58483391464e1,halide_arith_swap,depthwise_separable_conv_generator.cpp,288,85,operator* -> operator/,m064_halide_arith_swap_operator_div,OK,OK,OK,OK,c7d33c5ce3bbed96,fb0bc1959418b7a5,1,,KILLED,NOT_RUN,output_compare,,test1_demo,-6,0.090,,,50e3753d90ef,"golden driver exited -6, wrote no artifact -- test1 kill only, not a test2 kill"
depthwise_separable_conv,ast_mutator,generator,23e097e53a3c8896,halide_arith_swap,depthwise_separable_conv_generator.cpp,288,79,operator/ -> operator+,m065_halide_arith_swap_operator_add,OK,OK,OK,OK,53160e0fa2de8044,4efb568870ee6649,1,,KILLED,NOT_RUN,output_compare,,test1_demo,-6,0.070,,,50e3753d90ef,"golden driver exited -6, wrote no artifact -- test1 kill only, not a test2 kill"
depthwise_separable_conv,ast_mutator,generator,be9c6cd01916a85d,halide_arith_swap,depthwise_separable_conv_generator.cpp,288,79,operator/ -> operator-,m066_halide_arith_swap_operator_sub,OK,OK,OK,OK,53160e0fa2de8044,4efb568870ee6649,1,,KILLED,NOT_RUN,output_compare,,test1_demo,-6,0.023,,,50e3753d90ef,"golden driver exited -6, wrote no artifact -- test1 kill only, not a test2 kill"
depthwise_separable_conv,ast_mutator,generator,2ca0594c29aed379,halide_rel_swap,depthwise_separable_conv_generator.cpp,289,64,operator== -> operator<,m068_halide_rel_swap_operator_lt,OK,OK,OK,OK,a62d2a7ab27d16b9,6566400e16bbf0e6,1,,KILLED,NOT_RUN,output_compare,,test1_demo,-6,0.084,,,50e3753d90ef,"golden driver exited -6, wrote no artifact -- test1 kill only, not a test2 kill"
depthwise_separable_conv,ast_mutator,generator,7dc5f9b58ba696b8,halide_arith_swap,depthwise_separable_conv_generator.cpp,288,79,operator/ -> operator*,m067_halide_arith_swap_operator_mul,OK,OK,OK,OK,e7542c5c657698f6,fe4a419fdcf09118,1,,KILLED,NOT_RUN,output_compare,,test1_demo,-6,0.022,,,50e3753d90ef,"golden driver exited -6, wrote no artifact -- test1 kill only, not a test2 kill"
depthwise_separable_conv,ast_mutator,generator,f51decec4feb8be1,halide_rel_swap,depthwise_separable_conv_generator.cpp,289,64,operator== -> operator>=,m071_halide_rel_swap_operator_gt_eq,OK,OK,OK,OK,d05ef401d3561878,84bbaaa682431a6e,1,,SURVIVED,SURVIVED,output_compare,,,0,0.459,,d5e3fe608e027f18,50e3753d90ef,
depthwise_separable_conv,ast_mutator,generator,c783653107585f3b,halide_rel_swap,depthwise_separable_conv_generator.cpp,289,64,operator== -> operator<=,m069_halide_rel_swap_operator_lt_eq,OK,OK,OK,OK,8342663fbec94116,63cc57e5b245c07e,1,,SURVIVED,SURVIVED,output_compare,,,0,0.985,,d5e3fe608e027f18,50e3753d90ef,
depthwise_separable_conv,ast_mutator,generator,1191ecec61baa534,halide_rel_swap,depthwise_separable_conv_generator.cpp,289,64,operator== -> operator>,m070_halide_rel_swap_operator_gt,OK,OK,OK,OK,d4724a1451b606fe,d7e901a36a4ffa31,1,,KILLED,NOT_RUN,output_compare,,test1_demo,-6,0.069,,,50e3753d90ef,"golden driver exited -6, wrote no artifact -- test1 kill only, not a test2 kill"
depthwise_separable_conv,ast_mutator,generator,48d4f1d48eb18449,halide_rel_swap,depthwise_separable_conv_generator.cpp,289,64,operator== -> operator!=,m072_halide_rel_swap_operator_not_eq,OK,OK,OK,OK,c8171120f7f3bc0e,9fadb9a6f4bfdbed,1,,KILLED,NOT_RUN,output_compare,,test1_demo,-6,0.026,,,50e3753d90ef,"golden driver exited -6, wrote no artifact -- test1 kill only, not a test2 kill"
depthwise_separable_conv,ast_mutator,generator,9dadb74959d75e49,halide_rel_swap,depthwise_separable_conv_generator.cpp,290,64,operator== -> operator<,m073_halide_rel_swap_operator_lt,OK,OK,OK,OK,40c0bf8e0038bf80,9d5ade4b2881ea7a,1,,KILLED,NOT_RUN,output_compare,,test1_demo,-6,0.023,,,50e3753d90ef,"golden driver exited -6, wrote no artifact -- test1 kill only, not a test2 kill"
depthwise_separable_conv,ast_mutator,generator,2b5ae6b5f2a29a61,halide_rel_swap,depthwise_separable_conv_generator.cpp,290,64,operator== -> operator<=,m074_halide_rel_swap_operator_lt_eq,OK,OK,OK,OK,de54dbf42274bfe4,c2b918101d6ac458,1,,SURVIVED,SURVIVED,output_compare,,,0,0.936,,d5e3fe608e027f18,50e3753d90ef,
depthwise_separable_conv,ast_mutator,generator,4bdfee92558b0d6d,halide_rel_swap,depthwise_separable_conv_generator.cpp,290,64,operator== -> operator>,m075_halide_rel_swap_operator_gt,OK,OK,OK,OK,b16133321ea277c6,fda69c0adbd35104,1,,KILLED,NOT_RUN,output_compare,,test1_demo,-6,0.070,,,50e3753d90ef,"golden driver exited -6, wrote no artifact -- test1 kill only, not a test2 kill"
depthwise_separable_conv,ast_mutator,generator,1e23c826c5621d3b,halide_rel_swap,depthwise_separable_conv_generator.cpp,290,64,operator== -> operator!=,m077_halide_rel_swap_operator_not_eq,OK,OK,OK,OK,d6eef171bae35664,3dc1a15bd33818a5,1,,KILLED,NOT_RUN,output_compare,,test1_demo,-6,0.022,,,50e3753d90ef,"golden driver exited -6, wrote no artifact -- test1 kill only, not a test2 kill"
depthwise_separable_conv,ast_mutator,generator,786b16caee52f986,halide_rel_swap,depthwise_separable_conv_generator.cpp,290,64,operator== -> operator>=,m076_halide_rel_swap_operator_gt_eq,OK,OK,OK,OK,d85be5c0f7c1a252,cb23463fd30976e3,1,,SURVIVED,SURVIVED,output_compare,,,0,0.921,,d5e3fe608e027f18,50e3753d90ef,
