app,arm,mutator,file,line,column,region,exit_code,o1_killed,o2_killed,wall_seconds
unsharp,cxx_default_on_emitted_cpp,cxx_add_to_sub,unsharp.halide_generated.cpp,3626,21,generator_specific,0,0,0,2.551
unsharp,cxx_default_on_emitted_cpp,cxx_add_to_sub,unsharp.halide_generated.cpp,3629,22,generator_specific,-6,1,1,0.298
unsharp,cxx_default_on_emitted_cpp,cxx_add_to_sub,unsharp.halide_generated.cpp,3646,23,generator_specific,-6,1,1,0.304
unsharp,cxx_default_on_emitted_cpp,cxx_add_to_sub,unsharp.halide_generated.cpp,3679,24,generator_specific,0,0,1,2.602
unsharp,cxx_default_on_emitted_cpp,cxx_add_to_sub,unsharp.halide_generated.cpp,3684,24,generator_specific,0,0,1,2.676
unsharp,cxx_default_on_emitted_cpp,cxx_add_to_sub,unsharp.halide_generated.cpp,3689,24,generator_specific,-11,1,1,0.300
unsharp,cxx_default_on_emitted_cpp,cxx_add_to_sub,unsharp.halide_generated.cpp,3693,24,generator_specific,0,0,0,2.442
unsharp,cxx_default_on_emitted_cpp,cxx_add_to_sub,unsharp.halide_generated.cpp,3701,24,generator_specific,-11,1,1,0.303
unsharp,cxx_default_on_emitted_cpp,cxx_add_to_sub,unsharp.halide_generated.cpp,3705,49,generator_specific,0,0,1,2.528
unsharp,cxx_default_on_emitted_cpp,cxx_add_to_sub,unsharp.halide_generated.cpp,3706,51,generator_specific,0,0,1,2.524
unsharp,cxx_default_on_emitted_cpp,cxx_add_to_sub,unsharp.halide_generated.cpp,3709,26,generator_specific,-11,1,1,0.303
unsharp,cxx_default_on_emitted_cpp,cxx_add_to_sub,unsharp.halide_generated.cpp,3711,26,generator_specific,0,0,0,2.623
unsharp,cxx_default_on_emitted_cpp,cxx_add_to_sub,unsharp.halide_generated.cpp,3712,26,generator_specific,0,0,1,2.499
unsharp,cxx_default_on_emitted_cpp,cxx_add_to_sub,unsharp.halide_generated.cpp,3714,26,generator_specific,0,0,0,2.419
unsharp,cxx_default_on_emitted_cpp,cxx_add_to_sub,unsharp.halide_generated.cpp,3719,26,generator_specific,0,0,1,2.573
unsharp,cxx_default_on_emitted_cpp,cxx_add_to_sub,unsharp.halide_generated.cpp,3721,28,generator_specific,0,0,1,2.438
unsharp,cxx_default_on_emitted_cpp,cxx_add_to_sub,unsharp.halide_generated.cpp,3723,29,generator_specific,0,0,1,2.570
unsharp,cxx_default_on_emitted_cpp,cxx_add_to_sub,unsharp.halide_generated.cpp,3728,28,generator_specific,0,0,0,2.563
unsharp,cxx_default_on_emitted_cpp,cxx_add_to_sub,unsharp.halide_generated.cpp,3730,29,generator_specific,0,0,1,2.629
unsharp,cxx_default_on_emitted_cpp,cxx_add_to_sub,unsharp.halide_generated.cpp,3735,28,generator_specific,0,0,1,2.691
unsharp,cxx_default_on_emitted_cpp,cxx_add_to_sub,unsharp.halide_generated.cpp,3737,29,generator_specific,0,0,1,2.499
unsharp,cxx_default_on_emitted_cpp,cxx_add_to_sub,unsharp.halide_generated.cpp,3742,27,generator_specific,0,0,1,2.676
unsharp,cxx_default_on_emitted_cpp,cxx_add_to_sub,unsharp.halide_generated.cpp,3743,27,generator_specific,0,0,1,2.627
unsharp,cxx_default_on_emitted_cpp,cxx_add_to_sub,unsharp.halide_generated.cpp,3744,27,generator_specific,0,0,1,2.681
unsharp,cxx_default_on_emitted_cpp,cxx_add_to_sub,unsharp.halide_generated.cpp,3746,27,generator_specific,0,0,1,2.493
unsharp,cxx_default_on_emitted_cpp,cxx_add_to_sub,unsharp.halide_generated.cpp,3748,28,generator_specific,-11,1,1,0.304
unsharp,cxx_default_on_emitted_cpp,cxx_add_to_sub,unsharp.halide_generated.cpp,3749,28,generator_specific,0,0,1,2.663
unsharp,cxx_default_on_emitted_cpp,cxx_add_to_sub,unsharp.halide_generated.cpp,3753,50,generator_specific,0,0,1,2.583
unsharp,cxx_default_on_emitted_cpp,cxx_add_to_sub,unsharp.halide_generated.cpp,3754,26,generator_specific,0,0,1,2.633
unsharp,cxx_default_on_emitted_cpp,cxx_add_to_sub,unsharp.halide_generated.cpp,3755,26,generator_specific,0,0,1,2.603
unsharp,cxx_default_on_emitted_cpp,cxx_add_to_sub,unsharp.halide_generated.cpp,3756,26,generator_specific,0,0,0,2.470
unsharp,cxx_default_on_emitted_cpp,cxx_add_to_sub,unsharp.halide_generated.cpp,3757,67,generator_specific,0,0,1,2.392
unsharp,cxx_default_on_emitted_cpp,cxx_add_to_sub,unsharp.halide_generated.cpp,3759,28,generator_specific,0,0,1,2.512
unsharp,cxx_default_on_emitted_cpp,cxx_add_to_sub,unsharp.halide_generated.cpp,3761,44,generator_specific,-11,1,1,0.299
unsharp,cxx_default_on_emitted_cpp,cxx_add_to_sub,unsharp.halide_generated.cpp,3763,28,generator_specific,0,0,1,2.687
unsharp,cxx_default_on_emitted_cpp,cxx_add_to_sub,unsharp.halide_generated.cpp,3764,28,generator_specific,0,0,1,2.636
unsharp,cxx_default_on_emitted_cpp,cxx_add_to_sub,unsharp.halide_generated.cpp,3765,28,generator_specific,0,0,1,2.636
unsharp,cxx_default_on_emitted_cpp,cxx_add_to_sub,unsharp.halide_generated.cpp,3770,28,generator_specific,0,0,0,2.677
unsharp,cxx_default_on_emitted_cpp,cxx_add_to_sub,unsharp.halide_generated.cpp,3771,28,generator_specific,0,0,1,2.562
unsharp,cxx_default_on_emitted_cpp,cxx_add_to_sub,unsharp.halide_generated.cpp,3772,28,generator_specific,0,0,1,2.595
unsharp,cxx_default_on_emitted_cpp,cxx_add_to_sub,unsharp.halide_generated.cpp,3777,28,generator_specific,0,0,1,3.035
unsharp,cxx_default_on_emitted_cpp,cxx_add_to_sub,unsharp.halide_generated.cpp,3778,28,generator_specific,0,0,1,2.707
unsharp,cxx_default_on_emitted_cpp,cxx_add_to_sub,unsharp.halide_generated.cpp,3779,28,generator_specific,0,0,1,2.657
unsharp,cxx_default_on_emitted_cpp,cxx_add_to_sub,unsharp.halide_generated.cpp,3784,27,generator_specific,0,0,1,2.490
unsharp,cxx_default_on_emitted_cpp,cxx_add_to_sub,unsharp.halide_generated.cpp,3785,27,generator_specific,0,0,1,3.011
unsharp,cxx_default_on_emitted_cpp,cxx_add_to_sub,unsharp.halide_generated.cpp,3786,28,generator_specific,0,0,1,2.639
unsharp,cxx_default_on_emitted_cpp,cxx_add_to_sub,unsharp.halide_generated.cpp,3788,27,generator_specific,0,0,1,2.684
unsharp,cxx_default_on_emitted_cpp,cxx_add_to_sub,unsharp.halide_generated.cpp,3790,28,generator_specific,-11,1,1,0.265
unsharp,cxx_default_on_emitted_cpp,cxx_add_to_sub,unsharp.halide_generated.cpp,3793,50,generator_specific,0,0,1,2.672
unsharp,cxx_default_on_emitted_cpp,cxx_add_to_sub,unsharp.halide_generated.cpp,3794,67,generator_specific,0,0,1,2.544
unsharp,cxx_default_on_emitted_cpp,cxx_add_to_sub,unsharp.halide_generated.cpp,3796,44,generator_specific,-11,1,1,0.260
unsharp,cxx_default_on_emitted_cpp,cxx_add_to_sub,unsharp.halide_generated.cpp,3798,28,generator_specific,0,0,1,2.598
unsharp,cxx_default_on_emitted_cpp,cxx_add_to_sub,unsharp.halide_generated.cpp,3800,28,generator_specific,0,0,0,2.545
unsharp,cxx_default_on_emitted_cpp,cxx_add_to_sub,unsharp.halide_generated.cpp,3801,28,generator_specific,0,0,1,2.539
unsharp,cxx_default_on_emitted_cpp,cxx_add_to_sub,unsharp.halide_generated.cpp,3803,27,generator_specific,0,0,1,2.562
unsharp,cxx_default_on_emitted_cpp,cxx_add_to_sub,unsharp.halide_generated.cpp,3808,28,generator_specific,0,0,1,2.709
unsharp,cxx_default_on_emitted_cpp,cxx_add_to_sub,unsharp.halide_generated.cpp,3810,28,generator_specific,0,0,1,2.544
unsharp,cxx_default_on_emitted_cpp,cxx_add_to_sub,unsharp.halide_generated.cpp,3812,30,generator_specific,0,0,1,2.597
unsharp,cxx_default_on_emitted_cpp,cxx_add_to_sub,unsharp.halide_generated.cpp,3817,28,generator_specific,0,0,0,2.526
unsharp,cxx_default_on_emitted_cpp,cxx_add_to_sub,unsharp.halide_generated.cpp,3819,30,generator_specific,0,0,1,2.584
unsharp,cxx_default_on_emitted_cpp,cxx_add_to_sub,unsharp.halide_generated.cpp,3824,28,generator_specific,0,0,1,2.576
unsharp,cxx_default_on_emitted_cpp,cxx_add_to_sub,unsharp.halide_generated.cpp,3826,30,generator_specific,0,0,1,2.569
unsharp,cxx_default_on_emitted_cpp,cxx_add_to_sub,unsharp.halide_generated.cpp,3831,27,generator_specific,0,0,1,2.726
unsharp,cxx_default_on_emitted_cpp,cxx_add_to_sub,unsharp.halide_generated.cpp,3832,27,generator_specific,0,0,1,2.586
unsharp,cxx_default_on_emitted_cpp,cxx_add_to_sub,unsharp.halide_generated.cpp,3833,28,generator_specific,0,0,1,2.573
unsharp,cxx_default_on_emitted_cpp,cxx_add_to_sub,unsharp.halide_generated.cpp,3835,27,generator_specific,0,0,1,2.739
unsharp,cxx_default_on_emitted_cpp,cxx_add_to_sub,unsharp.halide_generated.cpp,3837,28,generator_specific,-11,1,1,0.240
unsharp,cxx_default_on_emitted_cpp,cxx_add_to_sub,unsharp.halide_generated.cpp,3838,28,generator_specific,0,0,1,2.460
unsharp,cxx_default_on_emitted_cpp,cxx_add_to_sub,unsharp.halide_generated.cpp,3846,51,generator_specific,0,0,0,2.529
unsharp,cxx_default_on_emitted_cpp,cxx_add_to_sub,unsharp.halide_generated.cpp,3847,56,generator_specific,0,0,1,2.623
unsharp,cxx_default_on_emitted_cpp,cxx_add_to_sub,unsharp.halide_generated.cpp,3849,29,generator_specific,0,0,1,2.686
unsharp,cxx_default_on_emitted_cpp,cxx_add_to_sub,unsharp.halide_generated.cpp,3851,28,generator_specific,0,0,1,2.596
unsharp,cxx_default_on_emitted_cpp,cxx_add_to_sub,unsharp.halide_generated.cpp,3854,29,generator_specific,-11,1,1,0.260
unsharp,cxx_default_on_emitted_cpp,cxx_add_to_sub,unsharp.halide_generated.cpp,3856,29,generator_specific,0,0,1,2.588
unsharp,cxx_default_on_emitted_cpp,cxx_add_to_sub,unsharp.halide_generated.cpp,3859,29,generator_specific,-11,1,1,0.257
unsharp,cxx_default_on_emitted_cpp,cxx_add_to_sub,unsharp.halide_generated.cpp,3861,28,generator_specific,0,0,1,2.502
unsharp,cxx_default_on_emitted_cpp,cxx_add_to_sub,unsharp.halide_generated.cpp,3867,29,generator_specific,-11,1,1,0.273
unsharp,cxx_default_on_emitted_cpp,cxx_add_to_sub,unsharp.halide_generated.cpp,3869,29,generator_specific,0,0,0,2.630
unsharp,cxx_default_on_emitted_cpp,cxx_add_to_sub,unsharp.halide_generated.cpp,3872,29,generator_specific,-11,1,1,0.263
unsharp,cxx_default_on_emitted_cpp,cxx_add_to_sub,unsharp.halide_generated.cpp,3874,28,generator_specific,0,0,1,2.607
unsharp,cxx_default_on_emitted_cpp,cxx_add_to_sub,unsharp.halide_generated.cpp,3878,29,generator_specific,0,0,1,2.625
unsharp,cxx_default_on_emitted_cpp,cxx_add_to_sub,unsharp.halide_generated.cpp,3881,29,generator_specific,-11,1,1,0.262
unsharp,cxx_default_on_emitted_cpp,cxx_add_to_sub,unsharp.halide_generated.cpp,3886,29,generator_specific,0,0,1,2.506
unsharp,cxx_default_on_emitted_cpp,cxx_add_to_sub,unsharp.halide_generated.cpp,3889,29,generator_specific,-11,1,1,0.258
unsharp,cxx_default_on_emitted_cpp,cxx_add_to_sub,unsharp.halide_generated.cpp,3891,29,generator_specific,0,0,1,2.500
unsharp,cxx_default_on_emitted_cpp,cxx_add_to_sub,unsharp.halide_generated.cpp,3894,29,generator_specific,-11,1,1,0.257
unsharp,cxx_default_on_emitted_cpp,cxx_add_to_sub,unsharp.halide_generated.cpp,3896,28,generator_specific,0,0,1,2.494
unsharp,cxx_default_on_emitted_cpp,cxx_add_to_sub,unsharp.halide_generated.cpp,3900,28,generator_specific,0,0,1,2.803
unsharp,cxx_default_on_emitted_cpp,cxx_add_to_sub,unsharp.halide_generated.cpp,3901,28,generator_specific,0,0,1,2.716
unsharp,cxx_default_on_emitted_cpp,cxx_add_to_sub,unsharp.halide_generated.cpp,3902,28,generator_specific,0,0,1,2.739
unsharp,cxx_default_on_emitted_cpp,cxx_add_to_sub,unsharp.halide_generated.cpp,3907,52,generator_specific,0,0,0,2.522
unsharp,cxx_default_on_emitted_cpp,cxx_add_to_sub,unsharp.halide_generated.cpp,3908,29,generator_specific,0,0,1,2.579
unsharp,cxx_default_on_emitted_cpp,cxx_add_to_sub,unsharp.halide_generated.cpp,3910,28,generator_specific,0,0,1,3.097
unsharp,cxx_default_on_emitted_cpp,cxx_add_to_sub,unsharp.halide_generated.cpp,3912,29,generator_specific,-11,1,1,0.261
unsharp,cxx_default_on_emitted_cpp,cxx_add_to_sub,unsharp.halide_generated.cpp,3913,29,generator_specific,0,0,1,2.714
unsharp,cxx_default_on_emitted_cpp,cxx_add_to_sub,unsharp.halide_generated.cpp,3915,29,generator_specific,0,0,1,3.011
unsharp,cxx_default_on_emitted_cpp,cxx_add_to_sub,unsharp.halide_generated.cpp,3918,29,generator_specific,-11,1,1,0.302
unsharp,cxx_default_on_emitted_cpp,cxx_add_to_sub,unsharp.halide_generated.cpp,3919,29,generator_specific,0,0,1,2.411
unsharp,cxx_default_on_emitted_cpp,cxx_add_to_sub,unsharp.halide_generated.cpp,3921,28,generator_specific,0,0,1,2.494
unsharp,cxx_default_on_emitted_cpp,cxx_add_to_sub,unsharp.halide_generated.cpp,3927,29,generator_specific,-11,1,1,0.236
unsharp,cxx_default_on_emitted_cpp,cxx_add_to_sub,unsharp.halide_generated.cpp,3928,29,generator_specific,0,0,1,2.829
unsharp,cxx_default_on_emitted_cpp,cxx_add_to_sub,unsharp.halide_generated.cpp,3930,29,generator_specific,0,0,0,2.567
unsharp,cxx_default_on_emitted_cpp,cxx_add_to_sub,unsharp.halide_generated.cpp,3933,29,generator_specific,-11,1,1,0.234
unsharp,cxx_default_on_emitted_cpp,cxx_add_to_sub,unsharp.halide_generated.cpp,3934,29,generator_specific,0,0,1,2.655
unsharp,cxx_default_on_emitted_cpp,cxx_add_to_sub,unsharp.halide_generated.cpp,3936,28,generator_specific,0,0,1,2.507
unsharp,cxx_default_on_emitted_cpp,cxx_add_to_sub,unsharp.halide_generated.cpp,3940,29,generator_specific,0,0,1,2.589
unsharp,cxx_default_on_emitted_cpp,cxx_add_to_sub,unsharp.halide_generated.cpp,3943,29,generator_specific,-11,1,1,0.243
unsharp,cxx_default_on_emitted_cpp,cxx_add_to_sub,unsharp.halide_generated.cpp,3944,29,generator_specific,0,0,1,2.644
unsharp,cxx_default_on_emitted_cpp,cxx_add_to_sub,unsharp.halide_generated.cpp,3949,29,generator_specific,0,0,1,2.565
unsharp,cxx_default_on_emitted_cpp,cxx_add_to_sub,unsharp.halide_generated.cpp,3952,29,generator_specific,-11,1,1,0.241
unsharp,cxx_default_on_emitted_cpp,cxx_add_to_sub,unsharp.halide_generated.cpp,3953,29,generator_specific,0,0,1,2.626
unsharp,cxx_default_on_emitted_cpp,cxx_add_to_sub,unsharp.halide_generated.cpp,3955,29,generator_specific,0,0,1,2.631
unsharp,cxx_default_on_emitted_cpp,cxx_add_to_sub,unsharp.halide_generated.cpp,3958,29,generator_specific,-11,1,1,0.233
unsharp,cxx_default_on_emitted_cpp,cxx_add_to_sub,unsharp.halide_generated.cpp,3959,29,generator_specific,0,0,1,2.490
unsharp,cxx_default_on_emitted_cpp,cxx_add_to_sub,unsharp.halide_generated.cpp,3961,28,generator_specific,0,0,1,2.409
unsharp,cxx_default_on_emitted_cpp,cxx_add_to_sub,unsharp.halide_generated.cpp,3965,28,generator_specific,0,0,1,2.420
unsharp,cxx_default_on_emitted_cpp,cxx_add_to_sub,unsharp.halide_generated.cpp,3966,28,generator_specific,0,0,1,2.592
unsharp,cxx_default_on_emitted_cpp,cxx_add_to_sub,unsharp.halide_generated.cpp,3967,28,generator_specific,0,0,1,2.581
unsharp,cxx_default_on_emitted_cpp,cxx_add_to_sub,unsharp.halide_generated.cpp,3968,28,generator_specific,0,0,1,2.695
unsharp,cxx_default_on_emitted_cpp,cxx_add_to_sub,unsharp.halide_generated.cpp,3973,51,generator_specific,0,0,0,2.513
unsharp,cxx_default_on_emitted_cpp,cxx_add_to_sub,unsharp.halide_generated.cpp,3974,28,generator_specific,0,0,1,2.487
unsharp,cxx_default_on_emitted_cpp,cxx_add_to_sub,unsharp.halide_generated.cpp,3976,27,generator_specific,0,0,1,2.660
unsharp,cxx_default_on_emitted_cpp,cxx_add_to_sub,unsharp.halide_generated.cpp,3978,54,generator_specific,0,0,1,3.239
unsharp,cxx_default_on_emitted_cpp,cxx_add_to_sub,unsharp.halide_generated.cpp,3981,29,generator_specific,-11,1,1,0.248
unsharp,cxx_default_on_emitted_cpp,cxx_add_to_sub,unsharp.halide_generated.cpp,3982,29,generator_specific,0,0,1,2.546
unsharp,cxx_default_on_emitted_cpp,cxx_add_to_sub,unsharp.halide_generated.cpp,3988,29,generator_specific,0,0,1,2.615
unsharp,cxx_default_on_emitted_cpp,cxx_add_to_sub,unsharp.halide_generated.cpp,3990,28,generator_specific,0,0,1,2.606
unsharp,cxx_default_on_emitted_cpp,cxx_add_to_sub,unsharp.halide_generated.cpp,3994,29,generator_specific,0,0,1,2.672
unsharp,cxx_default_on_emitted_cpp,cxx_add_to_sub,unsharp.halide_generated.cpp,3996,29,generator_specific,0,0,1,2.521
unsharp,cxx_default_on_emitted_cpp,cxx_add_to_sub,unsharp.halide_generated.cpp,3998,28,generator_specific,0,0,1,2.602
unsharp,cxx_default_on_emitted_cpp,cxx_add_to_sub,unsharp.halide_generated.cpp,4002,29,generator_specific,0,0,1,2.536
unsharp,cxx_default_on_emitted_cpp,cxx_add_to_sub,unsharp.halide_generated.cpp,4007,29,generator_specific,0,0,1,2.576
unsharp,cxx_default_on_emitted_cpp,cxx_add_to_sub,unsharp.halide_generated.cpp,4009,29,generator_specific,0,0,1,2.612
unsharp,cxx_default_on_emitted_cpp,cxx_add_to_sub,unsharp.halide_generated.cpp,4011,28,generator_specific,0,0,1,2.675
unsharp,cxx_default_on_emitted_cpp,cxx_add_to_sub,unsharp.halide_generated.cpp,4015,28,generator_specific,0,0,1,2.608
unsharp,cxx_default_on_emitted_cpp,cxx_add_to_sub,unsharp.halide_generated.cpp,4016,28,generator_specific,0,0,1,2.424
unsharp,cxx_default_on_emitted_cpp,cxx_add_to_sub,unsharp.halide_generated.cpp,4017,28,generator_specific,0,0,1,2.564
unsharp,cxx_default_on_emitted_cpp,cxx_add_to_sub,unsharp.halide_generated.cpp,4024,52,generator_specific,0,0,0,2.531
unsharp,cxx_default_on_emitted_cpp,cxx_add_to_sub,unsharp.halide_generated.cpp,4025,29,generator_specific,0,0,0,2.538
unsharp,cxx_default_on_emitted_cpp,cxx_add_to_sub,unsharp.halide_generated.cpp,4027,28,generator_specific,0,0,0,2.800
unsharp,cxx_default_on_emitted_cpp,cxx_add_to_sub,unsharp.halide_generated.cpp,4029,29,generator_specific,0,0,0,2.721
unsharp,cxx_default_on_emitted_cpp,cxx_add_to_sub,unsharp.halide_generated.cpp,4030,29,generator_specific,0,0,0,2.577
unsharp,cxx_default_on_emitted_cpp,cxx_add_to_sub,unsharp.halide_generated.cpp,4035,28,generator_specific,0,0,0,2.376
unsharp,cxx_default_on_emitted_cpp,cxx_add_to_sub,unsharp.halide_generated.cpp,4037,28,generator_specific,0,0,0,2.387
unsharp,cxx_default_on_emitted_cpp,cxx_add_to_sub,unsharp.halide_generated.cpp,4039,28,generator_specific,0,0,0,2.602
unsharp,cxx_default_on_emitted_cpp,cxx_add_to_sub,unsharp.halide_generated.cpp,4043,28,generator_specific,0,0,0,2.671
unsharp,cxx_default_on_emitted_cpp,cxx_add_to_sub,unsharp.halide_generated.cpp,4045,28,generator_specific,0,0,0,2.556
unsharp,cxx_default_on_emitted_cpp,cxx_add_to_sub,unsharp.halide_generated.cpp,4047,28,generator_specific,0,0,0,2.640
unsharp,cxx_default_on_emitted_cpp,cxx_add_to_sub,unsharp.halide_generated.cpp,4051,28,generator_specific,0,0,0,2.743
unsharp,cxx_default_on_emitted_cpp,cxx_add_to_sub,unsharp.halide_generated.cpp,4056,28,generator_specific,0,0,0,2.597
unsharp,cxx_default_on_emitted_cpp,cxx_add_to_sub,unsharp.halide_generated.cpp,4058,28,generator_specific,0,0,0,2.677
unsharp,cxx_default_on_emitted_cpp,cxx_add_to_sub,unsharp.halide_generated.cpp,4060,28,generator_specific,0,0,0,2.620
unsharp,cxx_default_on_emitted_cpp,cxx_add_to_sub,unsharp.halide_generated.cpp,4064,28,generator_specific,0,0,0,2.665
unsharp,cxx_default_on_emitted_cpp,cxx_add_to_sub,unsharp.halide_generated.cpp,4065,28,generator_specific,0,0,0,2.703
unsharp,cxx_default_on_emitted_cpp,cxx_add_to_sub,unsharp.halide_generated.cpp,4066,28,generator_specific,0,0,0,2.783
unsharp,cxx_default_on_emitted_cpp,cxx_add_to_sub,unsharp.halide_generated.cpp,4072,51,generator_specific,-11,1,1,0.238
unsharp,cxx_default_on_emitted_cpp,cxx_add_to_sub,unsharp.halide_generated.cpp,4073,68,generator_specific,0,0,1,1.633
unsharp,cxx_default_on_emitted_cpp,cxx_add_to_sub,unsharp.halide_generated.cpp,4075,29,generator_specific,0,0,1,2.609
unsharp,cxx_default_on_emitted_cpp,cxx_add_to_sub,unsharp.halide_generated.cpp,4077,29,generator_specific,0,0,0,2.636
unsharp,cxx_default_on_emitted_cpp,cxx_add_to_sub,unsharp.halide_generated.cpp,4079,29,generator_specific,0,0,0,2.703
unsharp,cxx_default_on_emitted_cpp,cxx_add_to_sub,unsharp.halide_generated.cpp,4080,28,generator_specific,-11,1,1,0.243
unsharp,cxx_default_on_emitted_cpp,cxx_add_to_sub,unsharp.halide_generated.cpp,4081,57,generator_specific,0,0,1,1.631
unsharp,cxx_default_on_emitted_cpp,cxx_add_to_sub,unsharp.halide_generated.cpp,4086,30,generator_specific,0,0,1,2.548
unsharp,cxx_default_on_emitted_cpp,cxx_add_to_sub,unsharp.halide_generated.cpp,4087,30,generator_specific,0,0,1,1.761
unsharp,cxx_default_on_emitted_cpp,cxx_add_to_sub,unsharp.halide_generated.cpp,4091,30,generator_specific,-11,1,1,0.248
unsharp,cxx_default_on_emitted_cpp,cxx_add_to_sub,unsharp.halide_generated.cpp,4092,30,generator_specific,-11,1,1,0.247
unsharp,cxx_default_on_emitted_cpp,cxx_add_to_sub,unsharp.halide_generated.cpp,4097,29,generator_specific,0,0,0,2.452
unsharp,cxx_default_on_emitted_cpp,cxx_add_to_sub,unsharp.halide_generated.cpp,4098,29,generator_specific,0,0,0,2.611
unsharp,cxx_default_on_emitted_cpp,cxx_add_to_sub,unsharp.halide_generated.cpp,4101,30,generator_specific,0,0,0,2.563
unsharp,cxx_default_on_emitted_cpp,cxx_add_to_sub,unsharp.halide_generated.cpp,4103,30,generator_specific,0,0,0,2.675
unsharp,cxx_default_on_emitted_cpp,cxx_add_to_sub,unsharp.halide_generated.cpp,4104,30,generator_specific,0,0,0,2.689
unsharp,cxx_default_on_emitted_cpp,cxx_add_to_sub,unsharp.halide_generated.cpp,4105,30,generator_specific,0,0,0,2.562
unsharp,cxx_default_on_emitted_cpp,cxx_add_to_sub,unsharp.halide_generated.cpp,4110,30,generator_specific,0,0,0,2.429
unsharp,cxx_default_on_emitted_cpp,cxx_add_to_sub,unsharp.halide_generated.cpp,4111,30,generator_specific,0,0,0,2.576
unsharp,cxx_default_on_emitted_cpp,cxx_add_to_sub,unsharp.halide_generated.cpp,4112,30,generator_specific,0,0,0,2.635
unsharp,cxx_default_on_emitted_cpp,cxx_add_to_sub,unsharp.halide_generated.cpp,4128,22,generator_specific,0,0,0,2.725
unsharp,cxx_default_on_emitted_cpp,cxx_add_to_sub,unsharp.halide_generated.cpp,4131,23,generator_specific,-6,1,1,0.262
unsharp,cxx_default_on_emitted_cpp,cxx_add_to_sub,unsharp.halide_generated.cpp,4148,24,generator_specific,-6,1,1,0.600
unsharp,cxx_default_on_emitted_cpp,cxx_add_to_sub,unsharp.halide_generated.cpp,4181,26,generator_specific,-11,1,1,0.255
unsharp,cxx_default_on_emitted_cpp,cxx_add_to_sub,unsharp.halide_generated.cpp,4186,26,generator_specific,0,0,1,2.723
unsharp,cxx_default_on_emitted_cpp,cxx_add_to_sub,unsharp.halide_generated.cpp,4191,26,generator_specific,0,0,1,3.148
unsharp,cxx_default_on_emitted_cpp,cxx_add_to_sub,unsharp.halide_generated.cpp,4195,25,generator_specific,-11,1,1,0.459
unsharp,cxx_default_on_emitted_cpp,cxx_add_to_sub,unsharp.halide_generated.cpp,4199,50,generator_specific,0,0,1,2.449
unsharp,cxx_default_on_emitted_cpp,cxx_add_to_sub,unsharp.halide_generated.cpp,4200,27,generator_specific,0,0,1,2.713
unsharp,cxx_default_on_emitted_cpp,cxx_add_to_sub,unsharp.halide_generated.cpp,4202,27,generator_specific,0,0,1,2.445
unsharp,cxx_default_on_emitted_cpp,cxx_add_to_sub,unsharp.halide_generated.cpp,4204,27,generator_specific,0,0,1,2.579
unsharp,cxx_default_on_emitted_cpp,cxx_add_to_sub,unsharp.halide_generated.cpp,4206,26,generator_specific,0,0,1,2.597
unsharp,cxx_default_on_emitted_cpp,cxx_add_to_sub,unsharp.halide_generated.cpp,4208,51,generator_specific,0,0,1,2.681
unsharp,cxx_default_on_emitted_cpp,cxx_add_to_sub,unsharp.halide_generated.cpp,4211,28,generator_specific,-11,1,1,0.271
unsharp,cxx_default_on_emitted_cpp,cxx_add_to_sub,unsharp.halide_generated.cpp,4213,28,generator_specific,0,0,0,2.548
unsharp,cxx_default_on_emitted_cpp,cxx_add_to_sub,unsharp.halide_generated.cpp,4214,28,generator_specific,0,0,1,2.548
unsharp,cxx_default_on_emitted_cpp,cxx_add_to_sub,unsharp.halide_generated.cpp,4216,27,generator_specific,0,0,1,2.434
unsharp,cxx_default_on_emitted_cpp,cxx_add_to_sub,unsharp.halide_generated.cpp,4222,28,generator_specific,0,0,1,2.771
unsharp,cxx_default_on_emitted_cpp,cxx_add_to_sub,unsharp.halide_generated.cpp,4224,30,generator_specific,0,0,1,2.394
unsharp,cxx_default_on_emitted_cpp,cxx_add_to_sub,unsharp.halide_generated.cpp,4229,28,generator_specific,0,0,0,2.405
unsharp,cxx_default_on_emitted_cpp,cxx_add_to_sub,unsharp.halide_generated.cpp,4231,30,generator_specific,0,0,1,2.501
unsharp,cxx_default_on_emitted_cpp,cxx_add_to_sub,unsharp.halide_generated.cpp,4236,28,generator_specific,0,0,1,2.417
unsharp,cxx_default_on_emitted_cpp,cxx_add_to_sub,unsharp.halide_generated.cpp,4238,30,generator_specific,0,0,1,2.513
unsharp,cxx_default_on_emitted_cpp,cxx_add_to_sub,unsharp.halide_generated.cpp,4243,27,generator_specific,0,0,1,2.610
unsharp,cxx_default_on_emitted_cpp,cxx_add_to_sub,unsharp.halide_generated.cpp,4244,27,generator_specific,0,0,1,2.773
unsharp,cxx_default_on_emitted_cpp,cxx_add_to_sub,unsharp.halide_generated.cpp,4245,28,generator_specific,-11,1,1,0.244
unsharp,cxx_default_on_emitted_cpp,cxx_add_to_sub,unsharp.halide_generated.cpp,4246,28,generator_specific,0,0,1,2.735
unsharp,cxx_default_on_emitted_cpp,cxx_add_to_sub,unsharp.halide_generated.cpp,4254,51,generator_specific,0,0,0,2.717
unsharp,cxx_default_on_emitted_cpp,cxx_add_to_sub,unsharp.halide_generated.cpp,4255,56,generator_specific,0,0,1,2.692
unsharp,cxx_default_on_emitted_cpp,cxx_add_to_sub,unsharp.halide_generated.cpp,4258,29,generator_specific,-11,1,1,0.244
unsharp,cxx_default_on_emitted_cpp,cxx_add_to_sub,unsharp.halide_generated.cpp,4260,29,generator_specific,0,0,1,2.430
unsharp,cxx_default_on_emitted_cpp,cxx_add_to_sub,unsharp.halide_generated.cpp,4262,28,generator_specific,0,0,1,2.579
unsharp,cxx_default_on_emitted_cpp,cxx_add_to_sub,unsharp.halide_generated.cpp,4264,29,generator_specific,-11,1,1,0.454
unsharp,cxx_default_on_emitted_cpp,cxx_add_to_sub,unsharp.halide_generated.cpp,4265,29,generator_specific,0,0,1,2.591
unsharp,cxx_default_on_emitted_cpp,cxx_add_to_sub,unsharp.halide_generated.cpp,4267,29,generator_specific,0,0,1,2.435
unsharp,cxx_default_on_emitted_cpp,cxx_add_to_sub,unsharp.halide_generated.cpp,4270,29,generator_specific,-11,1,1,0.463
unsharp,cxx_default_on_emitted_cpp,cxx_add_to_sub,unsharp.halide_generated.cpp,4271,29,generator_specific,0,0,1,2.588
unsharp,cxx_default_on_emitted_cpp,cxx_add_to_sub,unsharp.halide_generated.cpp,4273,28,generator_specific,0,0,1,2.688
unsharp,cxx_default_on_emitted_cpp,cxx_add_to_sub,unsharp.halide_generated.cpp,4279,29,generator_specific,-11,1,1,0.424
unsharp,cxx_default_on_emitted_cpp,cxx_add_to_sub,unsharp.halide_generated.cpp,4280,29,generator_specific,0,0,1,2.439
unsharp,cxx_default_on_emitted_cpp,cxx_add_to_sub,unsharp.halide_generated.cpp,4282,29,generator_specific,0,0,0,2.765
unsharp,cxx_default_on_emitted_cpp,cxx_add_to_sub,unsharp.halide_generated.cpp,4285,29,generator_specific,-11,1,1,0.432
unsharp,cxx_default_on_emitted_cpp,cxx_add_to_sub,unsharp.halide_generated.cpp,4286,29,generator_specific,0,0,1,2.449
unsharp,cxx_default_on_emitted_cpp,cxx_add_to_sub,unsharp.halide_generated.cpp,4288,28,generator_specific,0,0,1,2.611
unsharp,cxx_default_on_emitted_cpp,cxx_add_to_sub,unsharp.halide_generated.cpp,4292,29,generator_specific,0,0,1,2.752
unsharp,cxx_default_on_emitted_cpp,cxx_add_to_sub,unsharp.halide_generated.cpp,4295,29,generator_specific,-11,1,1,0.430
unsharp,cxx_default_on_emitted_cpp,cxx_add_to_sub,unsharp.halide_generated.cpp,4296,29,generator_specific,0,0,1,2.441
unsharp,cxx_default_on_emitted_cpp,cxx_add_to_sub,unsharp.halide_generated.cpp,4301,29,generator_specific,0,0,1,2.639
unsharp,cxx_default_on_emitted_cpp,cxx_add_to_sub,unsharp.halide_generated.cpp,4304,29,generator_specific,-11,1,1,0.746
unsharp,cxx_default_on_emitted_cpp,cxx_add_to_sub,unsharp.halide_generated.cpp,4305,29,generator_specific,0,0,1,2.644
unsharp,cxx_default_on_emitted_cpp,cxx_add_to_sub,unsharp.halide_generated.cpp,4307,29,generator_specific,0,0,1,2.404
unsharp,cxx_default_on_emitted_cpp,cxx_add_to_sub,unsharp.halide_generated.cpp,4310,29,generator_specific,-11,1,1,0.443
unsharp,cxx_default_on_emitted_cpp,cxx_add_to_sub,unsharp.halide_generated.cpp,4311,29,generator_specific,0,0,1,2.550
unsharp,cxx_default_on_emitted_cpp,cxx_add_to_sub,unsharp.halide_generated.cpp,4313,28,generator_specific,0,0,1,2.648
unsharp,cxx_default_on_emitted_cpp,cxx_add_to_sub,unsharp.halide_generated.cpp,4317,28,generator_specific,0,0,1,2.579
unsharp,cxx_default_on_emitted_cpp,cxx_add_to_sub,unsharp.halide_generated.cpp,4318,28,generator_specific,0,0,1,2.438
unsharp,cxx_default_on_emitted_cpp,cxx_add_to_sub,unsharp.halide_generated.cpp,4319,28,generator_specific,0,0,1,2.470
unsharp,cxx_default_on_emitted_cpp,cxx_add_to_sub,unsharp.halide_generated.cpp,4320,29,generator_specific,0,0,1,2.643
unsharp,cxx_default_on_emitted_cpp,cxx_add_to_sub,unsharp.halide_generated.cpp,4325,51,generator_specific,0,0,0,2.757
unsharp,cxx_default_on_emitted_cpp,cxx_add_to_sub,unsharp.halide_generated.cpp,4326,28,generator_specific,0,0,1,2.627
unsharp,cxx_default_on_emitted_cpp,cxx_add_to_sub,unsharp.halide_generated.cpp,4328,27,generator_specific,0,0,1,2.447
unsharp,cxx_default_on_emitted_cpp,cxx_add_to_sub,unsharp.halide_generated.cpp,4330,54,generator_specific,0,0,1,2.564
unsharp,cxx_default_on_emitted_cpp,cxx_add_to_sub,unsharp.halide_generated.cpp,4333,28,generator_specific,0,0,0,2.511
unsharp,cxx_default_on_emitted_cpp,cxx_add_to_sub,unsharp.halide_generated.cpp,4335,29,generator_specific,-11,1,1,0.470
unsharp,cxx_default_on_emitted_cpp,cxx_add_to_sub,unsharp.halide_generated.cpp,4336,29,generator_specific,0,0,1,3.097
unsharp,cxx_default_on_emitted_cpp,cxx_add_to_sub,unsharp.halide_generated.cpp,4342,29,generator_specific,0,0,1,2.519
unsharp,cxx_default_on_emitted_cpp,cxx_add_to_sub,unsharp.halide_generated.cpp,4344,28,generator_specific,0,0,1,2.421
unsharp,cxx_default_on_emitted_cpp,cxx_add_to_sub,unsharp.halide_generated.cpp,4348,29,generator_specific,0,0,1,2.453
unsharp,cxx_default_on_emitted_cpp,cxx_add_to_sub,unsharp.halide_generated.cpp,4350,29,generator_specific,0,0,1,2.465
unsharp,cxx_default_on_emitted_cpp,cxx_add_to_sub,unsharp.halide_generated.cpp,4352,28,generator_specific,0,0,1,2.591
unsharp,cxx_default_on_emitted_cpp,cxx_add_to_sub,unsharp.halide_generated.cpp,4356,29,generator_specific,0,0,1,2.431
unsharp,cxx_default_on_emitted_cpp,cxx_add_to_sub,unsharp.halide_generated.cpp,4361,29,generator_specific,0,0,1,2.412
unsharp,cxx_default_on_emitted_cpp,cxx_add_to_sub,unsharp.halide_generated.cpp,4363,29,generator_specific,0,0,1,2.427
unsharp,cxx_default_on_emitted_cpp,cxx_add_to_sub,unsharp.halide_generated.cpp,4365,28,generator_specific,0,0,1,2.554
unsharp,cxx_default_on_emitted_cpp,cxx_add_to_sub,unsharp.halide_generated.cpp,4369,28,generator_specific,0,0,1,2.745
unsharp,cxx_default_on_emitted_cpp,cxx_add_to_sub,unsharp.halide_generated.cpp,4370,28,generator_specific,0,0,1,2.766
unsharp,cxx_default_on_emitted_cpp,cxx_add_to_sub,unsharp.halide_generated.cpp,4371,28,generator_specific,0,0,1,2.573
unsharp,cxx_default_on_emitted_cpp,cxx_add_to_sub,unsharp.halide_generated.cpp,4377,51,generator_specific,-11,1,1,0.343
unsharp,cxx_default_on_emitted_cpp,cxx_add_to_sub,unsharp.halide_generated.cpp,4378,68,generator_specific,0,0,1,2.556
unsharp,cxx_default_on_emitted_cpp,cxx_add_to_sub,unsharp.halide_generated.cpp,4380,29,generator_specific,0,0,1,2.639
unsharp,cxx_default_on_emitted_cpp,cxx_add_to_sub,unsharp.halide_generated.cpp,4382,29,generator_specific,0,0,0,2.573
unsharp,cxx_default_on_emitted_cpp,cxx_add_to_sub,unsharp.halide_generated.cpp,4384,29,generator_specific,0,0,0,3.058
unsharp,cxx_default_on_emitted_cpp,cxx_add_to_sub,unsharp.halide_generated.cpp,4385,28,generator_specific,-11,1,1,0.238
unsharp,cxx_default_on_emitted_cpp,cxx_add_to_sub,unsharp.halide_generated.cpp,4386,57,generator_specific,0,0,1,2.390
unsharp,cxx_default_on_emitted_cpp,cxx_add_to_sub,unsharp.halide_generated.cpp,4389,29,generator_specific,0,0,0,2.428
unsharp,cxx_default_on_emitted_cpp,cxx_add_to_sub,unsharp.halide_generated.cpp,4393,30,generator_specific,0,0,1,2.636
unsharp,cxx_default_on_emitted_cpp,cxx_add_to_sub,unsharp.halide_generated.cpp,4394,30,generator_specific,0,0,1,2.611
unsharp,cxx_default_on_emitted_cpp,cxx_add_to_sub,unsharp.halide_generated.cpp,4398,30,generator_specific,-11,1,1,0.247
unsharp,cxx_default_on_emitted_cpp,cxx_add_to_sub,unsharp.halide_generated.cpp,4399,30,generator_specific,-11,1,1,0.247
unsharp,cxx_default_on_emitted_cpp,cxx_add_to_sub,unsharp.halide_generated.cpp,4465,22,generator_specific,0,0,0,2.433
unsharp,cxx_default_on_emitted_cpp,cxx_add_to_sub,unsharp.halide_generated.cpp,4466,22,generator_specific,0,0,0,2.816
unsharp,cxx_default_on_emitted_cpp,cxx_add_to_sub,unsharp.halide_generated.cpp,4467,22,generator_specific,0,0,0,2.588
unsharp,cxx_default_on_emitted_cpp,cxx_add_to_sub,unsharp.halide_generated.cpp,4469,22,generator_specific,0,0,0,2.521
unsharp,cxx_default_on_emitted_cpp,cxx_add_to_sub,unsharp.halide_generated.cpp,4472,22,generator_specific,0,0,0,2.418
unsharp,cxx_default_on_emitted_cpp,cxx_add_to_sub,unsharp.halide_generated.cpp,4474,22,generator_specific,0,0,0,2.418
unsharp,cxx_default_on_emitted_cpp,cxx_add_to_sub,unsharp.halide_generated.cpp,4475,22,generator_specific,0,0,0,2.747
unsharp,cxx_default_on_emitted_cpp,cxx_add_to_sub,unsharp.halide_generated.cpp,4477,22,generator_specific,-6,1,1,0.253
unsharp,cxx_default_on_emitted_cpp,cxx_add_to_sub,unsharp.halide_generated.cpp,4479,22,generator_specific,0,0,0,2.521
unsharp,cxx_default_on_emitted_cpp,cxx_add_to_sub,unsharp.halide_generated.cpp,4480,22,generator_specific,0,0,0,2.678
unsharp,cxx_default_on_emitted_cpp,cxx_add_to_sub,unsharp.halide_generated.cpp,4482,22,generator_specific,0,0,0,2.610
unsharp,cxx_default_on_emitted_cpp,cxx_add_to_sub,unsharp.halide_generated.cpp,4484,22,generator_specific,0,0,0,2.622
unsharp,cxx_default_on_emitted_cpp,cxx_add_to_sub,unsharp.halide_generated.cpp,4486,22,generator_specific,0,0,0,2.431
unsharp,cxx_default_on_emitted_cpp,cxx_add_to_sub,unsharp.halide_generated.cpp,4489,22,generator_specific,0,0,0,2.625
unsharp,cxx_default_on_emitted_cpp,cxx_add_to_sub,unsharp.halide_generated.cpp,4490,22,generator_specific,0,0,0,2.640
unsharp,cxx_default_on_emitted_cpp,cxx_add_to_sub,unsharp.halide_generated.cpp,4492,22,generator_specific,0,0,0,2.432
unsharp,cxx_default_on_emitted_cpp,cxx_add_to_sub,unsharp.halide_generated.cpp,4493,22,generator_specific,0,0,0,2.474
unsharp,cxx_default_on_emitted_cpp,cxx_add_to_sub,unsharp.halide_generated.cpp,4496,22,generator_specific,0,0,0,2.542
unsharp,cxx_default_on_emitted_cpp,cxx_add_to_sub,unsharp.halide_generated.cpp,4498,22,generator_specific,0,0,0,2.545
unsharp,cxx_default_on_emitted_cpp,cxx_add_to_sub,unsharp.halide_generated.cpp,4500,22,generator_specific,0,0,0,2.697
unsharp,cxx_default_on_emitted_cpp,cxx_add_to_sub,unsharp.halide_generated.cpp,4502,22,generator_specific,0,0,0,2.467
unsharp,cxx_default_on_emitted_cpp,cxx_add_to_sub,unsharp.halide_generated.cpp,4505,22,generator_specific,0,0,0,2.618
unsharp,cxx_default_on_emitted_cpp,cxx_add_to_sub,unsharp.halide_generated.cpp,4507,22,generator_specific,0,0,0,2.695
unsharp,cxx_default_on_emitted_cpp,cxx_add_to_sub,unsharp.halide_generated.cpp,4509,22,generator_specific,0,0,0,2.422
unsharp,cxx_default_on_emitted_cpp,cxx_add_to_sub,unsharp.halide_generated.cpp,4512,22,generator_specific,0,0,0,2.521
unsharp,cxx_default_on_emitted_cpp,cxx_add_to_sub,unsharp.halide_generated.cpp,4544,23,generator_specific,0,0,0,2.442
unsharp,cxx_default_on_emitted_cpp,cxx_add_to_sub,unsharp.halide_generated.cpp,4545,23,generator_specific,0,0,0,2.475
unsharp,cxx_default_on_emitted_cpp,cxx_add_to_sub,unsharp.halide_generated.cpp,4547,23,generator_specific,0,0,0,2.672
unsharp,cxx_default_on_emitted_cpp,cxx_add_to_sub,unsharp.halide_generated.cpp,4548,23,generator_specific,0,0,0,2.650
unsharp,cxx_default_on_emitted_cpp,cxx_add_to_sub,unsharp.halide_generated.cpp,4594,23,generator_specific,0,0,0,2.422
unsharp,cxx_default_on_emitted_cpp,cxx_add_to_sub,unsharp.halide_generated.cpp,4595,23,generator_specific,0,0,0,2.519
unsharp,cxx_default_on_emitted_cpp,cxx_add_to_sub,unsharp.halide_generated.cpp,4600,24,generator_specific,0,0,0,2.449
unsharp,cxx_default_on_emitted_cpp,cxx_add_to_sub,unsharp.halide_generated.cpp,4601,24,generator_specific,0,0,0,2.438
unsharp,cxx_default_on_emitted_cpp,cxx_add_to_sub,unsharp.halide_generated.cpp,4602,24,generator_specific,0,0,0,2.551
unsharp,cxx_default_on_emitted_cpp,cxx_add_to_sub,unsharp.halide_generated.cpp,4603,24,generator_specific,0,0,0,2.436
unsharp,cxx_default_on_emitted_cpp,cxx_add_to_sub,unsharp.halide_generated.cpp,4614,23,generator_specific,0,0,0,2.711
unsharp,cxx_default_on_emitted_cpp,cxx_add_to_sub,unsharp.halide_generated.cpp,4615,23,generator_specific,0,0,0,2.463
unsharp,cxx_default_on_emitted_cpp,cxx_add_to_sub,unsharp.halide_generated.cpp,4620,24,generator_specific,0,0,0,2.651
unsharp,cxx_default_on_emitted_cpp,cxx_add_to_sub,unsharp.halide_generated.cpp,4621,24,generator_specific,0,0,0,2.442
unsharp,cxx_default_on_emitted_cpp,cxx_add_to_sub,unsharp.halide_generated.cpp,4622,24,generator_specific,0,0,0,2.820
unsharp,cxx_default_on_emitted_cpp,cxx_add_to_sub,unsharp.halide_generated.cpp,4623,24,generator_specific,0,0,0,2.494
unsharp,cxx_default_on_emitted_cpp,cxx_add_to_sub,unsharp.halide_generated.cpp,4634,23,generator_specific,0,0,0,2.720
unsharp,cxx_default_on_emitted_cpp,cxx_add_to_sub,unsharp.halide_generated.cpp,4635,23,generator_specific,0,0,0,2.492
unsharp,cxx_default_on_emitted_cpp,cxx_add_to_sub,unsharp.halide_generated.cpp,4640,24,generator_specific,0,0,0,2.492
unsharp,cxx_default_on_emitted_cpp,cxx_add_to_sub,unsharp.halide_generated.cpp,4641,24,generator_specific,0,0,0,2.505
unsharp,cxx_default_on_emitted_cpp,cxx_add_to_sub,unsharp.halide_generated.cpp,4642,24,generator_specific,0,0,0,2.544
unsharp,cxx_default_on_emitted_cpp,cxx_add_to_sub,unsharp.halide_generated.cpp,4643,24,generator_specific,0,0,0,2.636
unsharp,cxx_default_on_emitted_cpp,cxx_add_to_sub,unsharp.halide_generated.cpp,4656,24,generator_specific,0,0,0,2.677
unsharp,cxx_default_on_emitted_cpp,cxx_add_to_sub,unsharp.halide_generated.cpp,4658,24,generator_specific,0,0,0,2.637
unsharp,cxx_default_on_emitted_cpp,cxx_add_to_sub,unsharp.halide_generated.cpp,4659,24,generator_specific,0,0,0,2.770
unsharp,cxx_default_on_emitted_cpp,cxx_add_to_sub,unsharp.halide_generated.cpp,4660,24,generator_specific,0,0,0,2.989
unsharp,cxx_default_on_emitted_cpp,cxx_add_to_sub,unsharp.halide_generated.cpp,4667,24,generator_specific,0,0,0,2.671
unsharp,cxx_default_on_emitted_cpp,cxx_add_to_sub,unsharp.halide_generated.cpp,4669,24,generator_specific,0,0,0,2.621
unsharp,cxx_default_on_emitted_cpp,cxx_add_to_sub,unsharp.halide_generated.cpp,4670,24,generator_specific,0,0,0,2.570
unsharp,cxx_default_on_emitted_cpp,cxx_add_to_sub,unsharp.halide_generated.cpp,4671,24,generator_specific,0,0,0,2.651
unsharp,cxx_default_on_emitted_cpp,cxx_add_to_sub,unsharp.halide_generated.cpp,4887,23,generator_specific,0,0,1,2.514
unsharp,cxx_default_on_emitted_cpp,cxx_add_to_sub,unsharp.halide_generated.cpp,4890,23,generator_specific,0,0,1,2.452
unsharp,cxx_default_on_emitted_cpp,cxx_add_to_sub,unsharp.halide_generated.cpp,4893,23,generator_specific,0,0,0,2.460
unsharp,cxx_default_on_emitted_cpp,cxx_add_to_sub,unsharp.halide_generated.cpp,4895,23,generator_specific,0,0,0,2.702
unsharp,cxx_default_on_emitted_cpp,cxx_add_to_sub,unsharp.halide_generated.cpp,4897,23,generator_specific,0,0,0,2.734
unsharp,cxx_default_on_emitted_cpp,cxx_add_to_sub,unsharp.halide_generated.cpp,4899,23,generator_specific,0,0,0,2.583
unsharp,cxx_default_on_emitted_cpp,cxx_add_to_sub,unsharp.halide_generated.cpp,4901,23,generator_specific,0,0,1,2.642
unsharp,cxx_default_on_emitted_cpp,cxx_add_to_sub,unsharp.halide_generated.cpp,4904,24,generator_specific,0,0,0,2.544
unsharp,cxx_default_on_emitted_cpp,cxx_add_to_sub,unsharp.halide_generated.cpp,4909,24,generator_specific,0,0,1,2.598
unsharp,cxx_default_on_emitted_cpp,cxx_add_to_sub,unsharp.halide_generated.cpp,4910,24,generator_specific,0,0,1,2.461
unsharp,cxx_default_on_emitted_cpp,cxx_add_to_sub,unsharp.halide_generated.cpp,4913,25,generator_specific,0,0,1,2.587
unsharp,cxx_default_on_emitted_cpp,cxx_add_to_sub,unsharp.halide_generated.cpp,4922,25,generator_specific,0,0,0,2.707
unsharp,cxx_default_on_emitted_cpp,cxx_add_to_sub,unsharp.halide_generated.cpp,4924,25,generator_specific,0,0,0,2.414
unsharp,cxx_default_on_emitted_cpp,cxx_add_to_sub,unsharp.halide_generated.cpp,4926,24,generator_specific,0,0,0,2.714
unsharp,cxx_default_on_emitted_cpp,cxx_add_to_sub,unsharp.halide_generated.cpp,4928,25,generator_specific,0,0,0,2.551
unsharp,cxx_default_on_emitted_cpp,cxx_add_to_sub,unsharp.halide_generated.cpp,4931,24,generator_specific,0,0,1,2.560
unsharp,cxx_default_on_emitted_cpp,cxx_add_to_sub,unsharp.halide_generated.cpp,4938,25,generator_specific,0,0,0,2.794
unsharp,cxx_default_on_emitted_cpp,cxx_add_to_sub,unsharp.halide_generated.cpp,4940,25,generator_specific,0,0,0,2.593
unsharp,cxx_default_on_emitted_cpp,cxx_add_to_sub,unsharp.halide_generated.cpp,4941,25,generator_specific,0,0,0,2.561
unsharp,cxx_default_on_emitted_cpp,cxx_add_to_sub,unsharp.halide_generated.cpp,4942,24,generator_specific,0,0,0,2.640
unsharp,cxx_default_on_emitted_cpp,cxx_div_to_mul,unsharp.halide_generated.cpp,4019,28,generator_specific,0,0,1,3.129
unsharp,cxx_default_on_emitted_cpp,cxx_div_to_mul,unsharp.halide_generated.cpp,4068,28,generator_specific,0,0,0,2.693
unsharp,cxx_default_on_emitted_cpp,cxx_div_to_mul,unsharp.halide_generated.cpp,4373,28,generator_specific,0,0,1,2.889
unsharp,cxx_default_on_emitted_cpp,cxx_eq_to_ne,unsharp.halide_generated.cpp,2503,22,boilerplate,-6,1,1,0.362
unsharp,cxx_default_on_emitted_cpp,cxx_eq_to_ne,unsharp.halide_generated.cpp,2503,48,boilerplate,0,0,0,2.688
unsharp,cxx_default_on_emitted_cpp,cxx_eq_to_ne,unsharp.halide_generated.cpp,3639,37,generator_specific,0,0,0,2.497
unsharp,cxx_default_on_emitted_cpp,cxx_eq_to_ne,unsharp.halide_generated.cpp,3656,40,generator_specific,0,0,0,2.664
unsharp,cxx_default_on_emitted_cpp,cxx_eq_to_ne,unsharp.halide_generated.cpp,3672,40,generator_specific,0,0,0,2.591
unsharp,cxx_default_on_emitted_cpp,cxx_eq_to_ne,unsharp.halide_generated.cpp,4141,38,generator_specific,0,0,0,2.775
unsharp,cxx_default_on_emitted_cpp,cxx_eq_to_ne,unsharp.halide_generated.cpp,4158,41,generator_specific,0,0,0,2.478
unsharp,cxx_default_on_emitted_cpp,cxx_eq_to_ne,unsharp.halide_generated.cpp,4174,41,generator_specific,0,0,0,2.602
unsharp,cxx_default_on_emitted_cpp,cxx_eq_to_ne,unsharp.halide_generated.cpp,4566,20,generator_specific,-6,1,1,0.247
unsharp,cxx_default_on_emitted_cpp,cxx_eq_to_ne,unsharp.halide_generated.cpp,4573,20,generator_specific,-6,1,1,0.251
unsharp,cxx_default_on_emitted_cpp,cxx_eq_to_ne,unsharp.halide_generated.cpp,4580,20,generator_specific,-6,1,1,0.249
unsharp,cxx_default_on_emitted_cpp,cxx_eq_to_ne,unsharp.halide_generated.cpp,4587,20,generator_specific,-6,1,1,0.256
unsharp,cxx_default_on_emitted_cpp,cxx_eq_to_ne,unsharp.halide_generated.cpp,4681,20,generator_specific,-6,1,1,0.253
unsharp,cxx_default_on_emitted_cpp,cxx_eq_to_ne,unsharp.halide_generated.cpp,4687,20,generator_specific,-6,1,1,0.249
unsharp,cxx_default_on_emitted_cpp,cxx_eq_to_ne,unsharp.halide_generated.cpp,5021,22,generator_specific,0,0,0,2.540
unsharp,cxx_default_on_emitted_cpp,cxx_gt_to_ge,unsharp.halide_generated.cpp,252,15,boilerplate,0,0,0,2.550
unsharp,cxx_default_on_emitted_cpp,cxx_gt_to_ge,unsharp.halide_generated.cpp,3358,25,boilerplate,0,0,0,2.586
unsharp,cxx_default_on_emitted_cpp,cxx_gt_to_ge,unsharp.halide_generated.cpp,3632,13,generator_specific,0,0,0,2.599
unsharp,cxx_default_on_emitted_cpp,cxx_gt_to_ge,unsharp.halide_generated.cpp,3632,68,generator_specific,0,0,0,2.721
unsharp,cxx_default_on_emitted_cpp,cxx_gt_to_ge,unsharp.halide_generated.cpp,3649,14,generator_specific,0,0,0,2.545
unsharp,cxx_default_on_emitted_cpp,cxx_gt_to_ge,unsharp.halide_generated.cpp,3649,69,generator_specific,0,0,0,2.543
unsharp,cxx_default_on_emitted_cpp,cxx_gt_to_ge,unsharp.halide_generated.cpp,3665,15,generator_specific,0,0,0,2.577
unsharp,cxx_default_on_emitted_cpp,cxx_gt_to_ge,unsharp.halide_generated.cpp,3665,70,generator_specific,0,0,0,2.576
unsharp,cxx_default_on_emitted_cpp,cxx_gt_to_ge,unsharp.halide_generated.cpp,4134,14,generator_specific,0,0,0,2.514
unsharp,cxx_default_on_emitted_cpp,cxx_gt_to_ge,unsharp.halide_generated.cpp,4134,70,generator_specific,0,0,0,2.675
unsharp,cxx_default_on_emitted_cpp,cxx_gt_to_ge,unsharp.halide_generated.cpp,4151,15,generator_specific,0,0,0,2.384
unsharp,cxx_default_on_emitted_cpp,cxx_gt_to_ge,unsharp.halide_generated.cpp,4151,71,generator_specific,0,0,0,2.430
unsharp,cxx_default_on_emitted_cpp,cxx_gt_to_ge,unsharp.halide_generated.cpp,4167,16,generator_specific,0,0,0,2.567
unsharp,cxx_default_on_emitted_cpp,cxx_gt_to_ge,unsharp.halide_generated.cpp,4167,72,generator_specific,0,0,0,2.553
unsharp,cxx_default_on_emitted_cpp,cxx_gt_to_ge,unsharp.halide_generated.cpp,4718,20,generator_specific,0,0,0,2.586
unsharp,cxx_default_on_emitted_cpp,cxx_gt_to_ge,unsharp.halide_generated.cpp,4731,21,generator_specific,0,0,0,2.546
unsharp,cxx_default_on_emitted_cpp,cxx_gt_to_ge,unsharp.halide_generated.cpp,4752,20,generator_specific,0,0,0,2.431
unsharp,cxx_default_on_emitted_cpp,cxx_gt_to_ge,unsharp.halide_generated.cpp,4765,21,generator_specific,0,0,0,2.439
unsharp,cxx_default_on_emitted_cpp,cxx_gt_to_ge,unsharp.halide_generated.cpp,4796,20,generator_specific,0,0,0,2.515
unsharp,cxx_default_on_emitted_cpp,cxx_gt_to_ge,unsharp.halide_generated.cpp,4809,21,generator_specific,0,0,0,2.494
unsharp,cxx_default_on_emitted_cpp,cxx_gt_to_ge,unsharp.halide_generated.cpp,4830,20,generator_specific,0,0,0,2.552
unsharp,cxx_default_on_emitted_cpp,cxx_gt_to_ge,unsharp.halide_generated.cpp,4843,21,generator_specific,0,0,0,2.406
unsharp,cxx_default_on_emitted_cpp,cxx_gt_to_le,unsharp.halide_generated.cpp,252,15,boilerplate,-6,1,1,0.231
unsharp,cxx_default_on_emitted_cpp,cxx_gt_to_le,unsharp.halide_generated.cpp,3358,25,boilerplate,0,0,1,2.619
unsharp,cxx_default_on_emitted_cpp,cxx_gt_to_le,unsharp.halide_generated.cpp,3632,13,generator_specific,-6,1,1,0.230
unsharp,cxx_default_on_emitted_cpp,cxx_gt_to_le,unsharp.halide_generated.cpp,3632,68,generator_specific,-6,1,1,0.227
unsharp,cxx_default_on_emitted_cpp,cxx_gt_to_le,unsharp.halide_generated.cpp,3649,14,generator_specific,-6,1,1,0.227
unsharp,cxx_default_on_emitted_cpp,cxx_gt_to_le,unsharp.halide_generated.cpp,3649,69,generator_specific,-6,1,1,0.227
unsharp,cxx_default_on_emitted_cpp,cxx_gt_to_le,unsharp.halide_generated.cpp,3665,15,generator_specific,-6,1,1,0.225
unsharp,cxx_default_on_emitted_cpp,cxx_gt_to_le,unsharp.halide_generated.cpp,3665,70,generator_specific,-6,1,1,0.226
unsharp,cxx_default_on_emitted_cpp,cxx_gt_to_le,unsharp.halide_generated.cpp,4134,14,generator_specific,-6,1,1,0.227
unsharp,cxx_default_on_emitted_cpp,cxx_gt_to_le,unsharp.halide_generated.cpp,4134,70,generator_specific,-6,1,1,0.227
unsharp,cxx_default_on_emitted_cpp,cxx_gt_to_le,unsharp.halide_generated.cpp,4151,15,generator_specific,-6,1,1,0.227
unsharp,cxx_default_on_emitted_cpp,cxx_gt_to_le,unsharp.halide_generated.cpp,4151,71,generator_specific,-6,1,1,0.226
unsharp,cxx_default_on_emitted_cpp,cxx_gt_to_le,unsharp.halide_generated.cpp,4167,16,generator_specific,-6,1,1,0.226
unsharp,cxx_default_on_emitted_cpp,cxx_gt_to_le,unsharp.halide_generated.cpp,4167,72,generator_specific,-6,1,1,0.227
unsharp,cxx_default_on_emitted_cpp,cxx_gt_to_le,unsharp.halide_generated.cpp,4718,20,generator_specific,-6,1,1,0.229
unsharp,cxx_default_on_emitted_cpp,cxx_gt_to_le,unsharp.halide_generated.cpp,4731,21,generator_specific,0,0,0,2.826
unsharp,cxx_default_on_emitted_cpp,cxx_gt_to_le,unsharp.halide_generated.cpp,4752,20,generator_specific,-6,1,1,0.229
unsharp,cxx_default_on_emitted_cpp,cxx_gt_to_le,unsharp.halide_generated.cpp,4765,21,generator_specific,0,0,0,2.671
unsharp,cxx_default_on_emitted_cpp,cxx_gt_to_le,unsharp.halide_generated.cpp,4796,20,generator_specific,-6,1,1,0.230
unsharp,cxx_default_on_emitted_cpp,cxx_gt_to_le,unsharp.halide_generated.cpp,4809,21,generator_specific,0,0,0,2.569
unsharp,cxx_default_on_emitted_cpp,cxx_gt_to_le,unsharp.halide_generated.cpp,4830,20,generator_specific,-6,1,1,0.230
unsharp,cxx_default_on_emitted_cpp,cxx_gt_to_le,unsharp.halide_generated.cpp,4843,21,generator_specific,0,0,0,2.610
unsharp,cxx_default_on_emitted_cpp,cxx_le_to_gt,unsharp.halide_generated.cpp,3620,17,generator_specific,0,0,1,4.408
unsharp,cxx_default_on_emitted_cpp,cxx_le_to_gt,unsharp.halide_generated.cpp,3841,21,generator_specific,0,0,1,1.248
unsharp,cxx_default_on_emitted_cpp,cxx_le_to_gt,unsharp.halide_generated.cpp,4249,21,generator_specific,-11,1,1,0.233
unsharp,cxx_default_on_emitted_cpp,cxx_le_to_gt,unsharp.halide_generated.cpp,4593,20,generator_specific,0,0,1,0.949
unsharp,cxx_default_on_emitted_cpp,cxx_le_to_gt,unsharp.halide_generated.cpp,4596,20,generator_specific,0,0,1,1.443
unsharp,cxx_default_on_emitted_cpp,cxx_le_to_gt,unsharp.halide_generated.cpp,4607,17,generator_specific,-6,1,1,0.236
unsharp,cxx_default_on_emitted_cpp,cxx_le_to_gt,unsharp.halide_generated.cpp,4613,20,generator_specific,0,0,1,1.218
unsharp,cxx_default_on_emitted_cpp,cxx_le_to_gt,unsharp.halide_generated.cpp,4616,20,generator_specific,0,0,1,1.442
unsharp,cxx_default_on_emitted_cpp,cxx_le_to_gt,unsharp.halide_generated.cpp,4627,17,generator_specific,-6,1,1,0.240
unsharp,cxx_default_on_emitted_cpp,cxx_le_to_gt,unsharp.halide_generated.cpp,4633,20,generator_specific,0,0,1,1.559
unsharp,cxx_default_on_emitted_cpp,cxx_le_to_gt,unsharp.halide_generated.cpp,4636,20,generator_specific,0,0,1,1.427
unsharp,cxx_default_on_emitted_cpp,cxx_le_to_gt,unsharp.halide_generated.cpp,4647,17,generator_specific,-6,1,1,0.237
unsharp,cxx_default_on_emitted_cpp,cxx_le_to_gt,unsharp.halide_generated.cpp,4653,17,generator_specific,0,0,1,1.394
unsharp,cxx_default_on_emitted_cpp,cxx_le_to_gt,unsharp.halide_generated.cpp,4664,18,generator_specific,0,0,1,1.482
unsharp,cxx_default_on_emitted_cpp,cxx_le_to_gt,unsharp.halide_generated.cpp,4675,17,generator_specific,-6,1,1,0.237
unsharp,cxx_default_on_emitted_cpp,cxx_le_to_gt,unsharp.halide_generated.cpp,4705,20,generator_specific,-6,1,1,0.237
unsharp,cxx_default_on_emitted_cpp,cxx_le_to_gt,unsharp.halide_generated.cpp,4723,20,generator_specific,-6,1,1,0.240
unsharp,cxx_default_on_emitted_cpp,cxx_le_to_gt,unsharp.halide_generated.cpp,4740,20,generator_specific,-6,1,1,0.244
unsharp,cxx_default_on_emitted_cpp,cxx_le_to_gt,unsharp.halide_generated.cpp,4757,20,generator_specific,-6,1,1,0.241
unsharp,cxx_default_on_emitted_cpp,cxx_le_to_gt,unsharp.halide_generated.cpp,4774,20,generator_specific,-6,1,1,0.246
unsharp,cxx_default_on_emitted_cpp,cxx_le_to_gt,unsharp.halide_generated.cpp,4783,20,generator_specific,-6,1,1,0.243
unsharp,cxx_default_on_emitted_cpp,cxx_le_to_gt,unsharp.halide_generated.cpp,4801,20,generator_specific,-6,1,1,0.246
unsharp,cxx_default_on_emitted_cpp,cxx_le_to_gt,unsharp.halide_generated.cpp,4818,20,generator_specific,-6,1,1,0.242
unsharp,cxx_default_on_emitted_cpp,cxx_le_to_gt,unsharp.halide_generated.cpp,4835,20,generator_specific,-6,1,1,0.238
unsharp,cxx_default_on_emitted_cpp,cxx_le_to_gt,unsharp.halide_generated.cpp,4852,20,generator_specific,-6,1,1,0.238
unsharp,cxx_default_on_emitted_cpp,cxx_le_to_lt,unsharp.halide_generated.cpp,3620,17,generator_specific,0,0,0,2.582
unsharp,cxx_default_on_emitted_cpp,cxx_le_to_lt,unsharp.halide_generated.cpp,3841,21,generator_specific,0,0,1,2.540
unsharp,cxx_default_on_emitted_cpp,cxx_le_to_lt,unsharp.halide_generated.cpp,4249,21,generator_specific,0,0,1,2.650
unsharp,cxx_default_on_emitted_cpp,cxx_le_to_lt,unsharp.halide_generated.cpp,4593,20,generator_specific,0,0,1,1.310
unsharp,cxx_default_on_emitted_cpp,cxx_le_to_lt,unsharp.halide_generated.cpp,4596,20,generator_specific,0,0,1,1.430
unsharp,cxx_default_on_emitted_cpp,cxx_le_to_lt,unsharp.halide_generated.cpp,4607,17,generator_specific,0,0,0,2.647
unsharp,cxx_default_on_emitted_cpp,cxx_le_to_lt,unsharp.halide_generated.cpp,4613,20,generator_specific,0,0,1,1.078
unsharp,cxx_default_on_emitted_cpp,cxx_le_to_lt,unsharp.halide_generated.cpp,4616,20,generator_specific,0,0,1,1.427
unsharp,cxx_default_on_emitted_cpp,cxx_le_to_lt,unsharp.halide_generated.cpp,4627,17,generator_specific,0,0,0,2.519
unsharp,cxx_default_on_emitted_cpp,cxx_le_to_lt,unsharp.halide_generated.cpp,4633,20,generator_specific,0,0,1,1.098
unsharp,cxx_default_on_emitted_cpp,cxx_le_to_lt,unsharp.halide_generated.cpp,4636,20,generator_specific,0,0,0,2.574
unsharp,cxx_default_on_emitted_cpp,cxx_le_to_lt,unsharp.halide_generated.cpp,4647,17,generator_specific,0,0,0,2.463
unsharp,cxx_default_on_emitted_cpp,cxx_le_to_lt,unsharp.halide_generated.cpp,4653,17,generator_specific,0,0,0,2.604
unsharp,cxx_default_on_emitted_cpp,cxx_le_to_lt,unsharp.halide_generated.cpp,4664,18,generator_specific,0,0,0,2.666
unsharp,cxx_default_on_emitted_cpp,cxx_le_to_lt,unsharp.halide_generated.cpp,4675,17,generator_specific,0,0,0,2.619
unsharp,cxx_default_on_emitted_cpp,cxx_le_to_lt,unsharp.halide_generated.cpp,4705,20,generator_specific,0,0,0,2.605
unsharp,cxx_default_on_emitted_cpp,cxx_le_to_lt,unsharp.halide_generated.cpp,4723,20,generator_specific,0,0,0,2.444
unsharp,cxx_default_on_emitted_cpp,cxx_le_to_lt,unsharp.halide_generated.cpp,4740,20,generator_specific,0,0,0,2.707
unsharp,cxx_default_on_emitted_cpp,cxx_le_to_lt,unsharp.halide_generated.cpp,4757,20,generator_specific,0,0,0,2.623
unsharp,cxx_default_on_emitted_cpp,cxx_le_to_lt,unsharp.halide_generated.cpp,4774,20,generator_specific,0,0,0,2.728
unsharp,cxx_default_on_emitted_cpp,cxx_le_to_lt,unsharp.halide_generated.cpp,4783,20,generator_specific,0,0,0,2.472
unsharp,cxx_default_on_emitted_cpp,cxx_le_to_lt,unsharp.halide_generated.cpp,4801,20,generator_specific,0,0,0,2.504
unsharp,cxx_default_on_emitted_cpp,cxx_le_to_lt,unsharp.halide_generated.cpp,4818,20,generator_specific,0,0,0,2.582
unsharp,cxx_default_on_emitted_cpp,cxx_le_to_lt,unsharp.halide_generated.cpp,4835,20,generator_specific,0,0,0,2.588
unsharp,cxx_default_on_emitted_cpp,cxx_le_to_lt,unsharp.halide_generated.cpp,4852,20,generator_specific,0,0,0,2.598
unsharp,cxx_default_on_emitted_cpp,cxx_lt_to_ge,unsharp.halide_generated.cpp,2530,27,boilerplate,0,0,0,2.598
unsharp,cxx_default_on_emitted_cpp,cxx_lt_to_ge,unsharp.halide_generated.cpp,257,15,boilerplate,-6,1,1,0.293
unsharp,cxx_default_on_emitted_cpp,cxx_lt_to_ge,unsharp.halide_generated.cpp,3250,30,boilerplate,0,0,1,2.897
unsharp,cxx_default_on_emitted_cpp,cxx_lt_to_ge,unsharp.halide_generated.cpp,3270,30,boilerplate,0,0,1,2.876
unsharp,cxx_default_on_emitted_cpp,cxx_lt_to_ge,unsharp.halide_generated.cpp,3357,30,boilerplate,0,0,1,2.603
unsharp,cxx_default_on_emitted_cpp,cxx_lt_to_ge,unsharp.halide_generated.cpp,3371,30,boilerplate,0,0,1,2.570
unsharp,cxx_default_on_emitted_cpp,cxx_lt_to_ge,unsharp.halide_generated.cpp,3372,25,boilerplate,0,0,1,2.470
unsharp,cxx_default_on_emitted_cpp,cxx_lt_to_ge,unsharp.halide_generated.cpp,3621,29,generator_specific,0,0,1,4.453
unsharp,cxx_default_on_emitted_cpp,cxx_lt_to_ge,unsharp.halide_generated.cpp,3702,76,generator_specific,0,0,1,1.227
unsharp,cxx_default_on_emitted_cpp,cxx_lt_to_ge,unsharp.halide_generated.cpp,3706,47,generator_specific,0,0,1,2.516
unsharp,cxx_default_on_emitted_cpp,cxx_lt_to_ge,unsharp.halide_generated.cpp,3757,63,generator_specific,0,0,1,2.511
unsharp,cxx_default_on_emitted_cpp,cxx_lt_to_ge,unsharp.halide_generated.cpp,3794,63,generator_specific,0,0,1,2.551
unsharp,cxx_default_on_emitted_cpp,cxx_lt_to_ge,unsharp.halide_generated.cpp,3847,52,generator_specific,0,0,1,2.633
unsharp,cxx_default_on_emitted_cpp,cxx_lt_to_ge,unsharp.halide_generated.cpp,3978,50,generator_specific,0,0,1,2.926
unsharp,cxx_default_on_emitted_cpp,cxx_lt_to_ge,unsharp.halide_generated.cpp,4073,64,generator_specific,0,0,1,1.452
unsharp,cxx_default_on_emitted_cpp,cxx_lt_to_ge,unsharp.halide_generated.cpp,4081,53,generator_specific,0,0,1,1.511
unsharp,cxx_default_on_emitted_cpp,cxx_lt_to_ge,unsharp.halide_generated.cpp,4196,76,generator_specific,0,0,1,2.325
unsharp,cxx_default_on_emitted_cpp,cxx_lt_to_ge,unsharp.halide_generated.cpp,4208,47,generator_specific,0,0,1,2.544
unsharp,cxx_default_on_emitted_cpp,cxx_lt_to_ge,unsharp.halide_generated.cpp,4255,52,generator_specific,0,0,1,2.605
unsharp,cxx_default_on_emitted_cpp,cxx_lt_to_ge,unsharp.halide_generated.cpp,4330,50,generator_specific,0,0,1,2.505
unsharp,cxx_default_on_emitted_cpp,cxx_lt_to_ge,unsharp.halide_generated.cpp,4378,64,generator_specific,0,0,1,2.570
unsharp,cxx_default_on_emitted_cpp,cxx_lt_to_ge,unsharp.halide_generated.cpp,4386,53,generator_specific,0,0,1,2.625
unsharp,cxx_default_on_emitted_cpp,cxx_lt_to_le,unsharp.halide_generated.cpp,2530,27,boilerplate,0,0,0,2.598
unsharp,cxx_default_on_emitted_cpp,cxx_lt_to_le,unsharp.halide_generated.cpp,257,15,boilerplate,0,0,0,2.710
unsharp,cxx_default_on_emitted_cpp,cxx_lt_to_le,unsharp.halide_generated.cpp,3250,30,boilerplate,0,0,1,2.650
unsharp,cxx_default_on_emitted_cpp,cxx_lt_to_le,unsharp.halide_generated.cpp,3270,30,boilerplate,0,0,0,2.716
unsharp,cxx_default_on_emitted_cpp,cxx_lt_to_le,unsharp.halide_generated.cpp,3357,30,boilerplate,0,0,0,2.549
unsharp,cxx_default_on_emitted_cpp,cxx_lt_to_le,unsharp.halide_generated.cpp,3371,30,boilerplate,0,0,0,2.811
unsharp,cxx_default_on_emitted_cpp,cxx_lt_to_le,unsharp.halide_generated.cpp,3372,25,boilerplate,0,0,0,2.673
unsharp,cxx_default_on_emitted_cpp,cxx_lt_to_le,unsharp.halide_generated.cpp,3621,29,generator_specific,0,0,1,2.510
unsharp,cxx_default_on_emitted_cpp,cxx_lt_to_le,unsharp.halide_generated.cpp,3702,76,generator_specific,0,0,0,2.605
unsharp,cxx_default_on_emitted_cpp,cxx_lt_to_le,unsharp.halide_generated.cpp,3706,47,generator_specific,0,0,0,2.770
unsharp,cxx_default_on_emitted_cpp,cxx_lt_to_le,unsharp.halide_generated.cpp,3757,63,generator_specific,0,0,0,2.600
unsharp,cxx_default_on_emitted_cpp,cxx_lt_to_le,unsharp.halide_generated.cpp,3794,63,generator_specific,0,0,0,2.588
unsharp,cxx_default_on_emitted_cpp,cxx_lt_to_le,unsharp.halide_generated.cpp,3847,52,generator_specific,0,0,0,2.596
unsharp,cxx_default_on_emitted_cpp,cxx_lt_to_le,unsharp.halide_generated.cpp,3978,50,generator_specific,-6,1,1,0.274
unsharp,cxx_default_on_emitted_cpp,cxx_lt_to_le,unsharp.halide_generated.cpp,4073,64,generator_specific,0,0,1,3.127
unsharp,cxx_default_on_emitted_cpp,cxx_lt_to_le,unsharp.halide_generated.cpp,4081,53,generator_specific,0,0,1,2.492
unsharp,cxx_default_on_emitted_cpp,cxx_lt_to_le,unsharp.halide_generated.cpp,4196,76,generator_specific,0,0,1,2.609
unsharp,cxx_default_on_emitted_cpp,cxx_lt_to_le,unsharp.halide_generated.cpp,4208,47,generator_specific,0,0,0,2.715
unsharp,cxx_default_on_emitted_cpp,cxx_lt_to_le,unsharp.halide_generated.cpp,4255,52,generator_specific,0,0,0,2.611
unsharp,cxx_default_on_emitted_cpp,cxx_lt_to_le,unsharp.halide_generated.cpp,4330,50,generator_specific,0,0,0,2.700
unsharp,cxx_default_on_emitted_cpp,cxx_lt_to_le,unsharp.halide_generated.cpp,4378,64,generator_specific,0,0,1,2.607
unsharp,cxx_default_on_emitted_cpp,cxx_lt_to_le,unsharp.halide_generated.cpp,4386,53,generator_specific,0,0,0,2.658
unsharp,cxx_default_on_emitted_cpp,cxx_mul_to_div,unsharp.halide_generated.cpp,3625,33,generator_specific,0,0,1,1.462
unsharp,cxx_default_on_emitted_cpp,cxx_mul_to_div,unsharp.halide_generated.cpp,3631,22,generator_specific,-11,1,1,0.272
unsharp,cxx_default_on_emitted_cpp,cxx_mul_to_div,unsharp.halide_generated.cpp,3632,50,generator_specific,0,0,0,2.970
unsharp,cxx_default_on_emitted_cpp,cxx_mul_to_div,unsharp.halide_generated.cpp,3638,64,generator_specific,-11,1,1,0.251
unsharp,cxx_default_on_emitted_cpp,cxx_mul_to_div,unsharp.halide_generated.cpp,3648,23,generator_specific,0,0,0,2.413
unsharp,cxx_default_on_emitted_cpp,cxx_mul_to_div,unsharp.halide_generated.cpp,3649,51,generator_specific,0,0,0,2.423
unsharp,cxx_default_on_emitted_cpp,cxx_mul_to_div,unsharp.halide_generated.cpp,3655,67,generator_specific,-11,1,1,0.267
unsharp,cxx_default_on_emitted_cpp,cxx_mul_to_div,unsharp.halide_generated.cpp,3664,24,generator_specific,0,0,0,2.437
unsharp,cxx_default_on_emitted_cpp,cxx_mul_to_div,unsharp.halide_generated.cpp,3665,52,generator_specific,0,0,0,2.489
unsharp,cxx_default_on_emitted_cpp,cxx_mul_to_div,unsharp.halide_generated.cpp,3671,67,generator_specific,-6,1,1,0.257
unsharp,cxx_default_on_emitted_cpp,cxx_mul_to_div,unsharp.halide_generated.cpp,3681,24,generator_specific,0,0,0,2.583
unsharp,cxx_default_on_emitted_cpp,cxx_mul_to_div,unsharp.halide_generated.cpp,3686,24,generator_specific,0,0,1,2.450
unsharp,cxx_default_on_emitted_cpp,cxx_mul_to_div,unsharp.halide_generated.cpp,3691,24,generator_specific,0,0,1,2.532
unsharp,cxx_default_on_emitted_cpp,cxx_mul_to_div,unsharp.halide_generated.cpp,3708,35,generator_specific,0,0,0,2.410
unsharp,cxx_default_on_emitted_cpp,cxx_mul_to_div,unsharp.halide_generated.cpp,3720,27,generator_specific,0,0,1,2.415
unsharp,cxx_default_on_emitted_cpp,cxx_mul_to_div,unsharp.halide_generated.cpp,3727,27,generator_specific,0,0,1,2.431
unsharp,cxx_default_on_emitted_cpp,cxx_mul_to_div,unsharp.halide_generated.cpp,3734,27,generator_specific,0,0,1,2.420
unsharp,cxx_default_on_emitted_cpp,cxx_mul_to_div,unsharp.halide_generated.cpp,3741,27,generator_specific,0,0,1,2.570
unsharp,cxx_default_on_emitted_cpp,cxx_mul_to_div,unsharp.halide_generated.cpp,3747,28,generator_specific,0,0,1,2.541
unsharp,cxx_default_on_emitted_cpp,cxx_mul_to_div,unsharp.halide_generated.cpp,3760,28,generator_specific,0,0,1,3.313
unsharp,cxx_default_on_emitted_cpp,cxx_mul_to_div,unsharp.halide_generated.cpp,3762,28,generator_specific,0,0,1,2.572
unsharp,cxx_default_on_emitted_cpp,cxx_mul_to_div,unsharp.halide_generated.cpp,3769,27,generator_specific,0,0,1,2.660
unsharp,cxx_default_on_emitted_cpp,cxx_mul_to_div,unsharp.halide_generated.cpp,3776,27,generator_specific,0,0,1,2.578
unsharp,cxx_default_on_emitted_cpp,cxx_mul_to_div,unsharp.halide_generated.cpp,3783,27,generator_specific,0,0,1,2.618
unsharp,cxx_default_on_emitted_cpp,cxx_mul_to_div,unsharp.halide_generated.cpp,3789,28,generator_specific,0,0,1,2.516
unsharp,cxx_default_on_emitted_cpp,cxx_mul_to_div,unsharp.halide_generated.cpp,3797,28,generator_specific,0,0,1,2.580
unsharp,cxx_default_on_emitted_cpp,cxx_mul_to_div,unsharp.halide_generated.cpp,3809,28,generator_specific,0,0,1,2.658
unsharp,cxx_default_on_emitted_cpp,cxx_mul_to_div,unsharp.halide_generated.cpp,3816,27,generator_specific,0,0,1,2.721
unsharp,cxx_default_on_emitted_cpp,cxx_mul_to_div,unsharp.halide_generated.cpp,3823,27,generator_specific,0,0,1,2.679
unsharp,cxx_default_on_emitted_cpp,cxx_mul_to_div,unsharp.halide_generated.cpp,3830,27,generator_specific,0,0,1,2.581
unsharp,cxx_default_on_emitted_cpp,cxx_mul_to_div,unsharp.halide_generated.cpp,3836,28,generator_specific,0,0,1,2.697
unsharp,cxx_default_on_emitted_cpp,cxx_mul_to_div,unsharp.halide_generated.cpp,3852,29,generator_specific,0,0,1,2.657
unsharp,cxx_default_on_emitted_cpp,cxx_mul_to_div,unsharp.halide_generated.cpp,3853,39,generator_specific,0,0,1,2.493
unsharp,cxx_default_on_emitted_cpp,cxx_mul_to_div,unsharp.halide_generated.cpp,3858,29,generator_specific,0,0,1,2.701
unsharp,cxx_default_on_emitted_cpp,cxx_mul_to_div,unsharp.halide_generated.cpp,3864,28,generator_specific,0,0,1,2.411
unsharp,cxx_default_on_emitted_cpp,cxx_mul_to_div,unsharp.halide_generated.cpp,3866,29,generator_specific,0,0,1,2.586
unsharp,cxx_default_on_emitted_cpp,cxx_mul_to_div,unsharp.halide_generated.cpp,3871,29,generator_specific,0,0,1,2.539
unsharp,cxx_default_on_emitted_cpp,cxx_mul_to_div,unsharp.halide_generated.cpp,3877,28,generator_specific,0,0,1,2.854
unsharp,cxx_default_on_emitted_cpp,cxx_mul_to_div,unsharp.halide_generated.cpp,3880,29,generator_specific,0,0,1,2.615
unsharp,cxx_default_on_emitted_cpp,cxx_mul_to_div,unsharp.halide_generated.cpp,3885,28,generator_specific,0,0,1,2.392
unsharp,cxx_default_on_emitted_cpp,cxx_mul_to_div,unsharp.halide_generated.cpp,3888,29,generator_specific,0,0,1,2.622
unsharp,cxx_default_on_emitted_cpp,cxx_mul_to_div,unsharp.halide_generated.cpp,3893,29,generator_specific,0,0,1,2.410
unsharp,cxx_default_on_emitted_cpp,cxx_mul_to_div,unsharp.halide_generated.cpp,3899,28,generator_specific,0,0,1,2.495
unsharp,cxx_default_on_emitted_cpp,cxx_mul_to_div,unsharp.halide_generated.cpp,3911,29,generator_specific,0,0,1,2.432
unsharp,cxx_default_on_emitted_cpp,cxx_mul_to_div,unsharp.halide_generated.cpp,3917,29,generator_specific,0,0,1,2.627
unsharp,cxx_default_on_emitted_cpp,cxx_mul_to_div,unsharp.halide_generated.cpp,3924,28,generator_specific,0,0,1,2.499
unsharp,cxx_default_on_emitted_cpp,cxx_mul_to_div,unsharp.halide_generated.cpp,3926,29,generator_specific,0,0,1,2.538
unsharp,cxx_default_on_emitted_cpp,cxx_mul_to_div,unsharp.halide_generated.cpp,3932,29,generator_specific,0,0,1,2.554
unsharp,cxx_default_on_emitted_cpp,cxx_mul_to_div,unsharp.halide_generated.cpp,3939,28,generator_specific,0,0,1,2.411
unsharp,cxx_default_on_emitted_cpp,cxx_mul_to_div,unsharp.halide_generated.cpp,3942,29,generator_specific,0,0,1,2.421
unsharp,cxx_default_on_emitted_cpp,cxx_mul_to_div,unsharp.halide_generated.cpp,3948,28,generator_specific,0,0,1,2.713
unsharp,cxx_default_on_emitted_cpp,cxx_mul_to_div,unsharp.halide_generated.cpp,3951,29,generator_specific,0,0,1,2.466
unsharp,cxx_default_on_emitted_cpp,cxx_mul_to_div,unsharp.halide_generated.cpp,3957,29,generator_specific,0,0,1,2.426
unsharp,cxx_default_on_emitted_cpp,cxx_mul_to_div,unsharp.halide_generated.cpp,3964,28,generator_specific,0,0,1,2.528
unsharp,cxx_default_on_emitted_cpp,cxx_mul_to_div,unsharp.halide_generated.cpp,3977,28,generator_specific,0,0,1,2.562
unsharp,cxx_default_on_emitted_cpp,cxx_mul_to_div,unsharp.halide_generated.cpp,3980,38,generator_specific,0,0,1,3.072
unsharp,cxx_default_on_emitted_cpp,cxx_mul_to_div,unsharp.halide_generated.cpp,3986,28,generator_specific,0,0,1,2.745
unsharp,cxx_default_on_emitted_cpp,cxx_mul_to_div,unsharp.halide_generated.cpp,3993,28,generator_specific,0,0,1,2.455
unsharp,cxx_default_on_emitted_cpp,cxx_mul_to_div,unsharp.halide_generated.cpp,4001,28,generator_specific,0,0,1,2.847
unsharp,cxx_default_on_emitted_cpp,cxx_mul_to_div,unsharp.halide_generated.cpp,4006,28,generator_specific,0,0,1,2.610
unsharp,cxx_default_on_emitted_cpp,cxx_mul_to_div,unsharp.halide_generated.cpp,4014,28,generator_specific,0,0,1,2.505
unsharp,cxx_default_on_emitted_cpp,cxx_mul_to_div,unsharp.halide_generated.cpp,4028,29,generator_specific,0,0,0,2.513
unsharp,cxx_default_on_emitted_cpp,cxx_mul_to_div,unsharp.halide_generated.cpp,4034,28,generator_specific,0,0,0,2.442
unsharp,cxx_default_on_emitted_cpp,cxx_mul_to_div,unsharp.halide_generated.cpp,4042,28,generator_specific,0,0,0,2.751
unsharp,cxx_default_on_emitted_cpp,cxx_mul_to_div,unsharp.halide_generated.cpp,4050,28,generator_specific,0,0,0,2.620
unsharp,cxx_default_on_emitted_cpp,cxx_mul_to_div,unsharp.halide_generated.cpp,4055,28,generator_specific,0,0,0,2.585
unsharp,cxx_default_on_emitted_cpp,cxx_mul_to_div,unsharp.halide_generated.cpp,4063,28,generator_specific,0,0,0,2.714
unsharp,cxx_default_on_emitted_cpp,cxx_mul_to_div,unsharp.halide_generated.cpp,4076,28,generator_specific,0,0,1,1.508
unsharp,cxx_default_on_emitted_cpp,cxx_mul_to_div,unsharp.halide_generated.cpp,4078,28,generator_specific,0,0,1,3.925
unsharp,cxx_default_on_emitted_cpp,cxx_mul_to_div,unsharp.halide_generated.cpp,4083,40,generator_specific,0,0,1,1.591
unsharp,cxx_default_on_emitted_cpp,cxx_mul_to_div,unsharp.halide_generated.cpp,4085,29,generator_specific,-8,1,1,0.243
unsharp,cxx_default_on_emitted_cpp,cxx_mul_to_div,unsharp.halide_generated.cpp,4089,29,generator_specific,0,0,1,2.560
unsharp,cxx_default_on_emitted_cpp,cxx_mul_to_div,unsharp.halide_generated.cpp,4090,29,generator_specific,-8,1,1,0.243
unsharp,cxx_default_on_emitted_cpp,cxx_mul_to_div,unsharp.halide_generated.cpp,4100,29,generator_specific,0,0,0,2.645
unsharp,cxx_default_on_emitted_cpp,cxx_mul_to_div,unsharp.halide_generated.cpp,4102,30,generator_specific,0,0,0,2.602
unsharp,cxx_default_on_emitted_cpp,cxx_mul_to_div,unsharp.halide_generated.cpp,4107,29,generator_specific,0,0,0,2.540
unsharp,cxx_default_on_emitted_cpp,cxx_mul_to_div,unsharp.halide_generated.cpp,4108,29,generator_specific,0,0,0,2.616
unsharp,cxx_default_on_emitted_cpp,cxx_mul_to_div,unsharp.halide_generated.cpp,4109,30,generator_specific,0,0,0,2.712
unsharp,cxx_default_on_emitted_cpp,cxx_mul_to_div,unsharp.halide_generated.cpp,4127,34,generator_specific,0,0,1,2.680
unsharp,cxx_default_on_emitted_cpp,cxx_mul_to_div,unsharp.halide_generated.cpp,4133,24,generator_specific,-11,1,1,0.258
unsharp,cxx_default_on_emitted_cpp,cxx_mul_to_div,unsharp.halide_generated.cpp,4134,52,generator_specific,0,0,0,2.649
unsharp,cxx_default_on_emitted_cpp,cxx_mul_to_div,unsharp.halide_generated.cpp,4140,64,generator_specific,-11,1,1,0.258
unsharp,cxx_default_on_emitted_cpp,cxx_mul_to_div,unsharp.halide_generated.cpp,4150,25,generator_specific,0,0,0,2.454
unsharp,cxx_default_on_emitted_cpp,cxx_mul_to_div,unsharp.halide_generated.cpp,4151,53,generator_specific,0,0,0,2.682
unsharp,cxx_default_on_emitted_cpp,cxx_mul_to_div,unsharp.halide_generated.cpp,4157,67,generator_specific,-11,1,1,0.376
unsharp,cxx_default_on_emitted_cpp,cxx_mul_to_div,unsharp.halide_generated.cpp,4166,26,generator_specific,0,0,0,2.459
unsharp,cxx_default_on_emitted_cpp,cxx_mul_to_div,unsharp.halide_generated.cpp,4167,54,generator_specific,0,0,0,3.237
unsharp,cxx_default_on_emitted_cpp,cxx_mul_to_div,unsharp.halide_generated.cpp,4173,67,generator_specific,-6,1,1,0.261
unsharp,cxx_default_on_emitted_cpp,cxx_mul_to_div,unsharp.halide_generated.cpp,4183,26,generator_specific,0,0,1,2.728
unsharp,cxx_default_on_emitted_cpp,cxx_mul_to_div,unsharp.halide_generated.cpp,4188,26,generator_specific,0,0,1,2.426
unsharp,cxx_default_on_emitted_cpp,cxx_mul_to_div,unsharp.halide_generated.cpp,4193,26,generator_specific,0,0,0,2.680
unsharp,cxx_default_on_emitted_cpp,cxx_mul_to_div,unsharp.halide_generated.cpp,4207,27,generator_specific,0,0,1,2.412
unsharp,cxx_default_on_emitted_cpp,cxx_mul_to_div,unsharp.halide_generated.cpp,4210,36,generator_specific,0,0,1,2.427
unsharp,cxx_default_on_emitted_cpp,cxx_mul_to_div,unsharp.halide_generated.cpp,4221,27,generator_specific,-8,1,1,0.249
unsharp,cxx_default_on_emitted_cpp,cxx_mul_to_div,unsharp.halide_generated.cpp,4228,27,generator_specific,0,0,1,2.588
unsharp,cxx_default_on_emitted_cpp,cxx_mul_to_div,unsharp.halide_generated.cpp,4235,27,generator_specific,0,0,1,2.415
unsharp,cxx_default_on_emitted_cpp,cxx_mul_to_div,unsharp.halide_generated.cpp,4242,27,generator_specific,0,0,1,2.695
unsharp,cxx_default_on_emitted_cpp,cxx_mul_to_div,unsharp.halide_generated.cpp,4257,39,generator_specific,0,0,1,2.402
unsharp,cxx_default_on_emitted_cpp,cxx_mul_to_div,unsharp.halide_generated.cpp,4263,29,generator_specific,0,0,1,2.407
unsharp,cxx_default_on_emitted_cpp,cxx_mul_to_div,unsharp.halide_generated.cpp,4269,29,generator_specific,0,0,1,2.429
unsharp,cxx_default_on_emitted_cpp,cxx_mul_to_div,unsharp.halide_generated.cpp,4276,28,generator_specific,0,0,1,2.407
unsharp,cxx_default_on_emitted_cpp,cxx_mul_to_div,unsharp.halide_generated.cpp,4278,29,generator_specific,0,0,1,2.412
unsharp,cxx_default_on_emitted_cpp,cxx_mul_to_div,unsharp.halide_generated.cpp,4284,29,generator_specific,0,0,1,2.397
unsharp,cxx_default_on_emitted_cpp,cxx_mul_to_div,unsharp.halide_generated.cpp,4291,28,generator_specific,0,0,1,2.415
unsharp,cxx_default_on_emitted_cpp,cxx_mul_to_div,unsharp.halide_generated.cpp,4294,29,generator_specific,0,0,1,2.415
unsharp,cxx_default_on_emitted_cpp,cxx_mul_to_div,unsharp.halide_generated.cpp,4300,28,generator_specific,0,0,1,2.443
unsharp,cxx_default_on_emitted_cpp,cxx_mul_to_div,unsharp.halide_generated.cpp,4303,29,generator_specific,0,0,1,2.443
unsharp,cxx_default_on_emitted_cpp,cxx_mul_to_div,unsharp.halide_generated.cpp,4309,29,generator_specific,0,0,1,2.563
unsharp,cxx_default_on_emitted_cpp,cxx_mul_to_div,unsharp.halide_generated.cpp,4316,28,generator_specific,0,0,1,2.572
unsharp,cxx_default_on_emitted_cpp,cxx_mul_to_div,unsharp.halide_generated.cpp,4329,28,generator_specific,0,0,1,2.414
unsharp,cxx_default_on_emitted_cpp,cxx_mul_to_div,unsharp.halide_generated.cpp,4332,38,generator_specific,0,0,1,2.439
unsharp,cxx_default_on_emitted_cpp,cxx_mul_to_div,unsharp.halide_generated.cpp,4340,28,generator_specific,0,0,1,2.615
unsharp,cxx_default_on_emitted_cpp,cxx_mul_to_div,unsharp.halide_generated.cpp,4347,28,generator_specific,0,0,1,2.464
unsharp,cxx_default_on_emitted_cpp,cxx_mul_to_div,unsharp.halide_generated.cpp,4355,28,generator_specific,0,0,1,2.655
unsharp,cxx_default_on_emitted_cpp,cxx_mul_to_div,unsharp.halide_generated.cpp,4360,28,generator_specific,0,0,1,2.423
unsharp,cxx_default_on_emitted_cpp,cxx_mul_to_div,unsharp.halide_generated.cpp,4368,28,generator_specific,0,0,1,2.407
unsharp,cxx_default_on_emitted_cpp,cxx_mul_to_div,unsharp.halide_generated.cpp,4381,28,generator_specific,-8,1,1,0.241
unsharp,cxx_default_on_emitted_cpp,cxx_mul_to_div,unsharp.halide_generated.cpp,4383,28,generator_specific,-8,1,1,0.243
unsharp,cxx_default_on_emitted_cpp,cxx_mul_to_div,unsharp.halide_generated.cpp,4388,40,generator_specific,0,0,1,2.706
unsharp,cxx_default_on_emitted_cpp,cxx_mul_to_div,unsharp.halide_generated.cpp,4392,29,generator_specific,-8,1,1,0.241
unsharp,cxx_default_on_emitted_cpp,cxx_mul_to_div,unsharp.halide_generated.cpp,4396,29,generator_specific,0,0,1,2.647
unsharp,cxx_default_on_emitted_cpp,cxx_mul_to_div,unsharp.halide_generated.cpp,4397,29,generator_specific,-8,1,1,0.243
unsharp,cxx_default_on_emitted_cpp,cxx_mul_to_div,unsharp.halide_generated.cpp,4471,22,generator_specific,0,0,0,2.523
unsharp,cxx_default_on_emitted_cpp,cxx_mul_to_div,unsharp.halide_generated.cpp,4517,22,generator_specific,0,0,0,2.627
unsharp,cxx_default_on_emitted_cpp,cxx_mul_to_div,unsharp.halide_generated.cpp,4525,23,generator_specific,0,0,0,2.426
unsharp,cxx_default_on_emitted_cpp,cxx_mul_to_div,unsharp.halide_generated.cpp,4695,23,generator_specific,0,0,0,2.573
unsharp,cxx_default_on_emitted_cpp,cxx_mul_to_div,unsharp.halide_generated.cpp,4697,23,generator_specific,0,0,0,2.564
unsharp,cxx_default_on_emitted_cpp,cxx_mul_to_div,unsharp.halide_generated.cpp,4700,23,generator_specific,0,0,0,2.610
unsharp,cxx_default_on_emitted_cpp,cxx_mul_to_div,unsharp.halide_generated.cpp,4702,23,generator_specific,0,0,0,2.434
unsharp,cxx_default_on_emitted_cpp,cxx_mul_to_div,unsharp.halide_generated.cpp,4715,23,generator_specific,0,0,0,2.443
unsharp,cxx_default_on_emitted_cpp,cxx_mul_to_div,unsharp.halide_generated.cpp,4728,24,generator_specific,0,0,0,2.521
unsharp,cxx_default_on_emitted_cpp,cxx_mul_to_div,unsharp.halide_generated.cpp,4749,23,generator_specific,0,0,0,2.672
unsharp,cxx_default_on_emitted_cpp,cxx_mul_to_div,unsharp.halide_generated.cpp,4762,24,generator_specific,0,0,0,2.559
unsharp,cxx_default_on_emitted_cpp,cxx_mul_to_div,unsharp.halide_generated.cpp,4793,23,generator_specific,0,0,0,2.556
unsharp,cxx_default_on_emitted_cpp,cxx_mul_to_div,unsharp.halide_generated.cpp,4806,24,generator_specific,0,0,0,2.513
unsharp,cxx_default_on_emitted_cpp,cxx_mul_to_div,unsharp.halide_generated.cpp,4827,23,generator_specific,0,0,0,2.608
unsharp,cxx_default_on_emitted_cpp,cxx_mul_to_div,unsharp.halide_generated.cpp,4840,24,generator_specific,0,0,0,2.437
unsharp,cxx_default_on_emitted_cpp,cxx_mul_to_div,unsharp.halide_generated.cpp,4905,24,generator_specific,0,0,0,2.726
unsharp,cxx_default_on_emitted_cpp,cxx_mul_to_div,unsharp.halide_generated.cpp,4906,24,generator_specific,0,0,0,2.546
unsharp,cxx_default_on_emitted_cpp,cxx_mul_to_div,unsharp.halide_generated.cpp,4907,24,generator_specific,0,0,0,2.489
unsharp,cxx_default_on_emitted_cpp,cxx_mul_to_div,unsharp.halide_generated.cpp,4908,24,generator_specific,0,0,0,2.555
unsharp,cxx_default_on_emitted_cpp,cxx_ne_to_eq,unsharp.halide_generated.cpp,1814,31,boilerplate,-6,1,1,0.247
unsharp,cxx_default_on_emitted_cpp,cxx_ne_to_eq,unsharp.halide_generated.cpp,2529,15,boilerplate,0,0,0,2.479
unsharp,cxx_default_on_emitted_cpp,cxx_ne_to_eq,unsharp.halide_generated.cpp,3639,17,generator_specific,-6,1,1,0.293
unsharp,cxx_default_on_emitted_cpp,cxx_ne_to_eq,unsharp.halide_generated.cpp,3656,20,generator_specific,-6,1,1,0.300
unsharp,cxx_default_on_emitted_cpp,cxx_ne_to_eq,unsharp.halide_generated.cpp,3672,20,generator_specific,-6,1,1,0.285
unsharp,cxx_default_on_emitted_cpp,cxx_ne_to_eq,unsharp.halide_generated.cpp,4141,17,generator_specific,-6,1,1,0.249
unsharp,cxx_default_on_emitted_cpp,cxx_ne_to_eq,unsharp.halide_generated.cpp,4158,20,generator_specific,-6,1,1,0.248
unsharp,cxx_default_on_emitted_cpp,cxx_ne_to_eq,unsharp.halide_generated.cpp,4174,20,generator_specific,-6,1,1,0.241
unsharp,cxx_default_on_emitted_cpp,cxx_ne_to_eq,unsharp.halide_generated.cpp,4420,19,generator_specific,-6,1,1,0.242
unsharp,cxx_default_on_emitted_cpp,cxx_ne_to_eq,unsharp.halide_generated.cpp,4428,19,generator_specific,-6,1,1,0.244
unsharp,cxx_default_on_emitted_cpp,cxx_ne_to_eq,unsharp.halide_generated.cpp,4872,22,generator_specific,-6,1,1,0.241
unsharp,cxx_default_on_emitted_cpp,cxx_ne_to_eq,unsharp.halide_generated.cpp,4879,23,generator_specific,-6,1,1,0.242
unsharp,cxx_default_on_emitted_cpp,cxx_ne_to_eq,unsharp.halide_generated.cpp,4919,22,generator_specific,0,0,1,2.503
unsharp,cxx_default_on_emitted_cpp,cxx_ne_to_eq,unsharp.halide_generated.cpp,4921,22,generator_specific,0,0,0,2.455
unsharp,cxx_default_on_emitted_cpp,cxx_post_inc_to_post_dec,unsharp.halide_generated.cpp,2530,42,boilerplate,0,0,0,2.432
unsharp,cxx_default_on_emitted_cpp,cxx_post_inc_to_post_dec,unsharp.halide_generated.cpp,3250,40,boilerplate,0,0,1,2.421
unsharp,cxx_default_on_emitted_cpp,cxx_post_inc_to_post_dec,unsharp.halide_generated.cpp,3270,40,boilerplate,0,0,1,2.393
unsharp,cxx_default_on_emitted_cpp,cxx_post_inc_to_post_dec,unsharp.halide_generated.cpp,3357,40,boilerplate,0,0,1,2.512
unsharp,cxx_default_on_emitted_cpp,cxx_post_inc_to_post_dec,unsharp.halide_generated.cpp,3371,40,boilerplate,0,0,1,2.484
unsharp,cxx_default_on_emitted_cpp,cxx_post_inc_to_post_dec,unsharp.halide_generated.cpp,3702,113,generator_specific,-11,1,1,0.372
unsharp,cxx_default_on_emitted_cpp,cxx_post_inc_to_post_dec,unsharp.halide_generated.cpp,3706,70,generator_specific,-11,1,1,0.242
unsharp,cxx_default_on_emitted_cpp,cxx_post_inc_to_post_dec,unsharp.halide_generated.cpp,3757,95,generator_specific,-11,1,1,0.240
unsharp,cxx_default_on_emitted_cpp,cxx_post_inc_to_post_dec,unsharp.halide_generated.cpp,3794,94,generator_specific,-11,1,1,0.240
unsharp,cxx_default_on_emitted_cpp,cxx_post_inc_to_post_dec,unsharp.halide_generated.cpp,3847,77,generator_specific,-11,1,1,0.238
unsharp,cxx_default_on_emitted_cpp,cxx_post_inc_to_post_dec,unsharp.halide_generated.cpp,3978,74,generator_specific,-11,1,1,0.238
unsharp,cxx_default_on_emitted_cpp,cxx_post_inc_to_post_dec,unsharp.halide_generated.cpp,4073,95,generator_specific,-11,1,1,0.238
unsharp,cxx_default_on_emitted_cpp,cxx_post_inc_to_post_dec,unsharp.halide_generated.cpp,4081,78,generator_specific,-11,1,1,0.238
unsharp,cxx_default_on_emitted_cpp,cxx_post_inc_to_post_dec,unsharp.halide_generated.cpp,4196,113,generator_specific,-9,1,1,30.043
unsharp,cxx_default_on_emitted_cpp,cxx_post_inc_to_post_dec,unsharp.halide_generated.cpp,4208,70,generator_specific,-11,1,1,0.241
unsharp,cxx_default_on_emitted_cpp,cxx_post_inc_to_post_dec,unsharp.halide_generated.cpp,4255,77,generator_specific,-11,1,1,0.237
unsharp,cxx_default_on_emitted_cpp,cxx_post_inc_to_post_dec,unsharp.halide_generated.cpp,4330,74,generator_specific,-11,1,1,0.240
unsharp,cxx_default_on_emitted_cpp,cxx_post_inc_to_post_dec,unsharp.halide_generated.cpp,4378,95,generator_specific,-11,1,1,0.241
unsharp,cxx_default_on_emitted_cpp,cxx_post_inc_to_post_dec,unsharp.halide_generated.cpp,4386,78,generator_specific,-11,1,1,0.241
unsharp,cxx_default_on_emitted_cpp,cxx_remove_void_call,unsharp.halide_generated.cpp,285,13,boilerplate,0,0,0,2.513
unsharp,cxx_default_on_emitted_cpp,cxx_remove_void_call,unsharp.halide_generated.cpp,3503,2,generator_specific,0,0,0,2.432
unsharp,cxx_default_on_emitted_cpp,cxx_remove_void_call,unsharp.halide_generated.cpp,3580,2,generator_specific,0,0,0,2.629
unsharp,cxx_default_on_emitted_cpp,cxx_remove_void_call,unsharp.halide_generated.cpp,3583,2,generator_specific,0,0,0,2.591
unsharp,cxx_default_on_emitted_cpp,cxx_remove_void_call,unsharp.halide_generated.cpp,3586,2,generator_specific,0,0,0,2.588
unsharp,cxx_default_on_emitted_cpp,cxx_remove_void_call,unsharp.halide_generated.cpp,3634,5,generator_specific,0,0,0,2.537
unsharp,cxx_default_on_emitted_cpp,cxx_remove_void_call,unsharp.halide_generated.cpp,4136,5,generator_specific,0,0,0,2.710
unsharp,cxx_default_on_emitted_cpp,cxx_remove_void_call,unsharp.halide_generated.cpp,4417,2,generator_specific,0,0,0,2.531
unsharp,cxx_default_on_emitted_cpp,cxx_remove_void_call,unsharp.halide_generated.cpp,4436,2,generator_specific,0,0,0,2.620
unsharp,cxx_default_on_emitted_cpp,cxx_remove_void_call,unsharp.halide_generated.cpp,4451,2,generator_specific,0,0,0,2.822
unsharp,cxx_default_on_emitted_cpp,cxx_remove_void_call,unsharp.halide_generated.cpp,4533,3,generator_specific,0,0,0,2.711
unsharp,cxx_default_on_emitted_cpp,cxx_remove_void_call,unsharp.halide_generated.cpp,4557,3,generator_specific,0,0,0,2.482
unsharp,cxx_default_on_emitted_cpp,cxx_remove_void_call,unsharp.halide_generated.cpp,5018,3,generator_specific,0,0,0,2.739
unsharp,cxx_default_on_emitted_cpp,cxx_replace_scalar_call,unsharp.halide_generated.cpp,1830,16,boilerplate,0,0,0,4.836
unsharp,cxx_default_on_emitted_cpp,cxx_replace_scalar_call,unsharp.halide_generated.cpp,190,12,boilerplate,0,0,1,6.893
unsharp,cxx_default_on_emitted_cpp,cxx_replace_scalar_call,unsharp.halide_generated.cpp,2493,17,boilerplate,0,0,0,4.369
unsharp,cxx_default_on_emitted_cpp,cxx_replace_scalar_call,unsharp.halide_generated.cpp,2508,22,boilerplate,-6,1,1,0.263
unsharp,cxx_default_on_emitted_cpp,cxx_replace_scalar_call,unsharp.halide_generated.cpp,3627,17,generator_specific,0,0,1,3.513
unsharp,cxx_default_on_emitted_cpp,cxx_replace_scalar_call,unsharp.halide_generated.cpp,3641,19,generator_specific,0,0,0,4.456
unsharp,cxx_default_on_emitted_cpp,cxx_replace_scalar_call,unsharp.halide_generated.cpp,4129,18,generator_specific,0,0,1,4.136
unsharp,cxx_default_on_emitted_cpp,cxx_replace_scalar_call,unsharp.halide_generated.cpp,4143,20,generator_specific,0,0,0,4.580
unsharp,cxx_default_on_emitted_cpp,cxx_replace_scalar_call,unsharp.halide_generated.cpp,4423,18,generator_specific,0,0,0,6.559
unsharp,cxx_default_on_emitted_cpp,cxx_replace_scalar_call,unsharp.halide_generated.cpp,4431,18,generator_specific,0,0,0,4.989
unsharp,cxx_default_on_emitted_cpp,cxx_replace_scalar_call,unsharp.halide_generated.cpp,4437,18,generator_specific,-6,1,1,0.276
unsharp,cxx_default_on_emitted_cpp,cxx_replace_scalar_call,unsharp.halide_generated.cpp,4438,14,generator_specific,0,0,0,4.185
unsharp,cxx_default_on_emitted_cpp,cxx_replace_scalar_call,unsharp.halide_generated.cpp,4439,17,generator_specific,-6,1,1,0.273
unsharp,cxx_default_on_emitted_cpp,cxx_replace_scalar_call,unsharp.halide_generated.cpp,4440,17,generator_specific,-6,1,1,0.278
unsharp,cxx_default_on_emitted_cpp,cxx_replace_scalar_call,unsharp.halide_generated.cpp,4441,17,generator_specific,-6,1,1,0.249
unsharp,cxx_default_on_emitted_cpp,cxx_replace_scalar_call,unsharp.halide_generated.cpp,4442,17,generator_specific,-6,1,1,0.300
unsharp,cxx_default_on_emitted_cpp,cxx_replace_scalar_call,unsharp.halide_generated.cpp,4443,17,generator_specific,-6,1,1,0.246
unsharp,cxx_default_on_emitted_cpp,cxx_replace_scalar_call,unsharp.halide_generated.cpp,4444,17,generator_specific,-6,1,1,0.246
unsharp,cxx_default_on_emitted_cpp,cxx_replace_scalar_call,unsharp.halide_generated.cpp,4445,17,generator_specific,0,0,1,3.649
unsharp,cxx_default_on_emitted_cpp,cxx_replace_scalar_call,unsharp.halide_generated.cpp,4446,17,generator_specific,-6,1,1,0.255
unsharp,cxx_default_on_emitted_cpp,cxx_replace_scalar_call,unsharp.halide_generated.cpp,4447,17,generator_specific,0,0,0,4.817
unsharp,cxx_default_on_emitted_cpp,cxx_replace_scalar_call,unsharp.halide_generated.cpp,4448,17,generator_specific,0,0,1,4.708
unsharp,cxx_default_on_emitted_cpp,cxx_replace_scalar_call,unsharp.halide_generated.cpp,4452,18,generator_specific,-6,1,1,0.242
unsharp,cxx_default_on_emitted_cpp,cxx_replace_scalar_call,unsharp.halide_generated.cpp,4453,14,generator_specific,0,0,0,4.152
unsharp,cxx_default_on_emitted_cpp,cxx_replace_scalar_call,unsharp.halide_generated.cpp,4454,17,generator_specific,-6,1,1,0.254
unsharp,cxx_default_on_emitted_cpp,cxx_replace_scalar_call,unsharp.halide_generated.cpp,4455,17,generator_specific,-6,1,1,0.242
unsharp,cxx_default_on_emitted_cpp,cxx_replace_scalar_call,unsharp.halide_generated.cpp,4456,17,generator_specific,0,0,1,1.574
unsharp,cxx_default_on_emitted_cpp,cxx_replace_scalar_call,unsharp.halide_generated.cpp,4457,17,generator_specific,-6,1,1,0.249
unsharp,cxx_default_on_emitted_cpp,cxx_replace_scalar_call,unsharp.halide_generated.cpp,4458,17,generator_specific,-6,1,1,0.266
unsharp,cxx_default_on_emitted_cpp,cxx_replace_scalar_call,unsharp.halide_generated.cpp,4459,17,generator_specific,0,0,1,1.419
unsharp,cxx_default_on_emitted_cpp,cxx_replace_scalar_call,unsharp.halide_generated.cpp,4460,17,generator_specific,0,0,1,5.083
unsharp,cxx_default_on_emitted_cpp,cxx_replace_scalar_call,unsharp.halide_generated.cpp,4461,17,generator_specific,-6,1,1,0.244
unsharp,cxx_default_on_emitted_cpp,cxx_replace_scalar_call,unsharp.halide_generated.cpp,4462,17,generator_specific,-6,1,1,0.243
unsharp,cxx_default_on_emitted_cpp,cxx_replace_scalar_call,unsharp.halide_generated.cpp,4463,17,generator_specific,0,0,1,8.652
unsharp,cxx_default_on_emitted_cpp,cxx_replace_scalar_call,unsharp.halide_generated.cpp,4464,17,generator_specific,0,0,0,5.386
unsharp,cxx_default_on_emitted_cpp,cxx_replace_scalar_call,unsharp.halide_generated.cpp,4468,17,generator_specific,0,0,0,4.735
unsharp,cxx_default_on_emitted_cpp,cxx_replace_scalar_call,unsharp.halide_generated.cpp,4473,17,generator_specific,0,0,0,5.098
unsharp,cxx_default_on_emitted_cpp,cxx_replace_scalar_call,unsharp.halide_generated.cpp,4476,17,generator_specific,0,0,0,4.456
unsharp,cxx_default_on_emitted_cpp,cxx_replace_scalar_call,unsharp.halide_generated.cpp,4478,17,generator_specific,0,0,0,4.317
unsharp,cxx_default_on_emitted_cpp,cxx_replace_scalar_call,unsharp.halide_generated.cpp,4481,17,generator_specific,0,0,0,4.640
unsharp,cxx_default_on_emitted_cpp,cxx_replace_scalar_call,unsharp.halide_generated.cpp,4483,17,generator_specific,0,0,0,5.605
unsharp,cxx_default_on_emitted_cpp,cxx_replace_scalar_call,unsharp.halide_generated.cpp,4485,17,generator_specific,0,0,0,4.612
unsharp,cxx_default_on_emitted_cpp,cxx_replace_scalar_call,unsharp.halide_generated.cpp,4487,17,generator_specific,0,0,0,4.959
unsharp,cxx_default_on_emitted_cpp,cxx_replace_scalar_call,unsharp.halide_generated.cpp,4491,17,generator_specific,0,0,0,4.336
unsharp,cxx_default_on_emitted_cpp,cxx_replace_scalar_call,unsharp.halide_generated.cpp,4494,17,generator_specific,0,0,0,4.162
unsharp,cxx_default_on_emitted_cpp,cxx_replace_scalar_call,unsharp.halide_generated.cpp,4495,17,generator_specific,0,0,0,5.919
unsharp,cxx_default_on_emitted_cpp,cxx_replace_scalar_call,unsharp.halide_generated.cpp,4497,17,generator_specific,0,0,0,4.418
unsharp,cxx_default_on_emitted_cpp,cxx_replace_scalar_call,unsharp.halide_generated.cpp,4499,17,generator_specific,0,0,0,4.110
unsharp,cxx_default_on_emitted_cpp,cxx_replace_scalar_call,unsharp.halide_generated.cpp,4501,17,generator_specific,0,0,0,4.412
unsharp,cxx_default_on_emitted_cpp,cxx_replace_scalar_call,unsharp.halide_generated.cpp,4503,17,generator_specific,0,0,0,4.835
unsharp,cxx_default_on_emitted_cpp,cxx_replace_scalar_call,unsharp.halide_generated.cpp,4506,17,generator_specific,-6,1,1,0.290
unsharp,cxx_default_on_emitted_cpp,cxx_replace_scalar_call,unsharp.halide_generated.cpp,4508,17,generator_specific,-6,1,1,0.250
unsharp,cxx_default_on_emitted_cpp,cxx_replace_scalar_call,unsharp.halide_generated.cpp,4510,17,generator_specific,-6,1,1,0.290
unsharp,cxx_default_on_emitted_cpp,cxx_replace_scalar_call,unsharp.halide_generated.cpp,4511,17,generator_specific,0,0,0,4.048
unsharp,cxx_default_on_emitted_cpp,cxx_replace_scalar_call,unsharp.halide_generated.cpp,4513,17,generator_specific,0,0,0,5.557
unsharp,cxx_default_on_emitted_cpp,cxx_replace_scalar_call,unsharp.halide_generated.cpp,4514,17,generator_specific,0,0,0,5.617
unsharp,cxx_default_on_emitted_cpp,cxx_replace_scalar_call,unsharp.halide_generated.cpp,4516,17,generator_specific,0,0,0,4.556
unsharp,cxx_default_on_emitted_cpp,cxx_replace_scalar_call,unsharp.halide_generated.cpp,4518,14,generator_specific,0,0,0,4.919
unsharp,cxx_default_on_emitted_cpp,cxx_replace_scalar_call,unsharp.halide_generated.cpp,4535,14,generator_specific,0,0,0,4.551
unsharp,cxx_default_on_emitted_cpp,cxx_replace_scalar_call,unsharp.halide_generated.cpp,4538,18,generator_specific,0,0,0,4.308
unsharp,cxx_default_on_emitted_cpp,cxx_replace_scalar_call,unsharp.halide_generated.cpp,4543,18,generator_specific,0,0,0,5.211
unsharp,cxx_default_on_emitted_cpp,cxx_replace_scalar_call,unsharp.halide_generated.cpp,4546,18,generator_specific,0,0,0,4.497
unsharp,cxx_default_on_emitted_cpp,cxx_replace_scalar_call,unsharp.halide_generated.cpp,4549,18,generator_specific,0,0,0,4.359
unsharp,cxx_default_on_emitted_cpp,cxx_replace_scalar_call,unsharp.halide_generated.cpp,4559,14,generator_specific,0,0,0,4.363
unsharp,cxx_default_on_emitted_cpp,cxx_replace_scalar_call,unsharp.halide_generated.cpp,4560,14,generator_specific,0,0,0,4.393
unsharp,cxx_default_on_emitted_cpp,cxx_replace_scalar_call,unsharp.halide_generated.cpp,4570,19,generator_specific,0,0,0,4.840
unsharp,cxx_default_on_emitted_cpp,cxx_replace_scalar_call,unsharp.halide_generated.cpp,4576,19,generator_specific,0,0,0,5.039
unsharp,cxx_default_on_emitted_cpp,cxx_replace_scalar_call,unsharp.halide_generated.cpp,4584,19,generator_specific,0,0,0,4.461
unsharp,cxx_default_on_emitted_cpp,cxx_replace_scalar_call,unsharp.halide_generated.cpp,4590,19,generator_specific,0,0,0,4.339
unsharp,cxx_default_on_emitted_cpp,cxx_replace_scalar_call,unsharp.halide_generated.cpp,4604,19,generator_specific,0,0,0,5.370
unsharp,cxx_default_on_emitted_cpp,cxx_replace_scalar_call,unsharp.halide_generated.cpp,4610,19,generator_specific,0,0,0,4.613
unsharp,cxx_default_on_emitted_cpp,cxx_replace_scalar_call,unsharp.halide_generated.cpp,4624,19,generator_specific,0,0,0,5.193
unsharp,cxx_default_on_emitted_cpp,cxx_replace_scalar_call,unsharp.halide_generated.cpp,4630,19,generator_specific,0,0,0,4.365
unsharp,cxx_default_on_emitted_cpp,cxx_replace_scalar_call,unsharp.halide_generated.cpp,4644,19,generator_specific,0,0,0,4.228
unsharp,cxx_default_on_emitted_cpp,cxx_replace_scalar_call,unsharp.halide_generated.cpp,4650,19,generator_specific,0,0,0,4.341
unsharp,cxx_default_on_emitted_cpp,cxx_replace_scalar_call,unsharp.halide_generated.cpp,4657,19,generator_specific,0,0,0,4.979
unsharp,cxx_default_on_emitted_cpp,cxx_replace_scalar_call,unsharp.halide_generated.cpp,4661,19,generator_specific,0,0,0,4.673
unsharp,cxx_default_on_emitted_cpp,cxx_replace_scalar_call,unsharp.halide_generated.cpp,4668,19,generator_specific,0,0,0,4.305
unsharp,cxx_default_on_emitted_cpp,cxx_replace_scalar_call,unsharp.halide_generated.cpp,4672,19,generator_specific,0,0,0,4.670
unsharp,cxx_default_on_emitted_cpp,cxx_replace_scalar_call,unsharp.halide_generated.cpp,4678,19,generator_specific,0,0,0,4.701
unsharp,cxx_default_on_emitted_cpp,cxx_replace_scalar_call,unsharp.halide_generated.cpp,4684,19,generator_specific,0,0,0,5.295
unsharp,cxx_default_on_emitted_cpp,cxx_replace_scalar_call,unsharp.halide_generated.cpp,4690,19,generator_specific,0,0,0,4.443
unsharp,cxx_default_on_emitted_cpp,cxx_replace_scalar_call,unsharp.halide_generated.cpp,4710,19,generator_specific,0,0,0,5.184
unsharp,cxx_default_on_emitted_cpp,cxx_replace_scalar_call,unsharp.halide_generated.cpp,4736,19,generator_specific,0,0,0,4.118
unsharp,cxx_default_on_emitted_cpp,cxx_replace_scalar_call,unsharp.halide_generated.cpp,4744,19,generator_specific,0,0,0,5.672
unsharp,cxx_default_on_emitted_cpp,cxx_replace_scalar_call,unsharp.halide_generated.cpp,4770,19,generator_specific,0,0,0,4.954
unsharp,cxx_default_on_emitted_cpp,cxx_replace_scalar_call,unsharp.halide_generated.cpp,4778,19,generator_specific,0,0,0,5.499
unsharp,cxx_default_on_emitted_cpp,cxx_replace_scalar_call,unsharp.halide_generated.cpp,4788,19,generator_specific,0,0,0,4.800
unsharp,cxx_default_on_emitted_cpp,cxx_replace_scalar_call,unsharp.halide_generated.cpp,4814,19,generator_specific,0,0,0,5.604
unsharp,cxx_default_on_emitted_cpp,cxx_replace_scalar_call,unsharp.halide_generated.cpp,4822,19,generator_specific,0,0,0,5.188
unsharp,cxx_default_on_emitted_cpp,cxx_replace_scalar_call,unsharp.halide_generated.cpp,4848,19,generator_specific,0,0,0,5.465
unsharp,cxx_default_on_emitted_cpp,cxx_replace_scalar_call,unsharp.halide_generated.cpp,4856,19,generator_specific,0,0,0,4.690
unsharp,cxx_default_on_emitted_cpp,cxx_replace_scalar_call,unsharp.halide_generated.cpp,4862,19,generator_specific,0,0,0,5.000
unsharp,cxx_default_on_emitted_cpp,cxx_replace_scalar_call,unsharp.halide_generated.cpp,4868,19,generator_specific,0,0,0,4.793
unsharp,cxx_default_on_emitted_cpp,cxx_replace_scalar_call,unsharp.halide_generated.cpp,4875,19,generator_specific,0,0,0,4.716
unsharp,cxx_default_on_emitted_cpp,cxx_replace_scalar_call,unsharp.halide_generated.cpp,4882,19,generator_specific,0,0,0,4.304
unsharp,cxx_default_on_emitted_cpp,cxx_replace_scalar_call,unsharp.halide_generated.cpp,4889,18,generator_specific,0,0,0,5.332
unsharp,cxx_default_on_emitted_cpp,cxx_replace_scalar_call,unsharp.halide_generated.cpp,4892,18,generator_specific,0,0,0,5.511
unsharp,cxx_default_on_emitted_cpp,cxx_replace_scalar_call,unsharp.halide_generated.cpp,4896,18,generator_specific,0,0,0,6.128
unsharp,cxx_default_on_emitted_cpp,cxx_replace_scalar_call,unsharp.halide_generated.cpp,4898,18,generator_specific,0,0,0,7.216
unsharp,cxx_default_on_emitted_cpp,cxx_replace_scalar_call,unsharp.halide_generated.cpp,4900,18,generator_specific,0,0,0,6.612
unsharp,cxx_default_on_emitted_cpp,cxx_replace_scalar_call,unsharp.halide_generated.cpp,4903,18,generator_specific,0,0,0,5.394
unsharp,cxx_default_on_emitted_cpp,cxx_replace_scalar_call,unsharp.halide_generated.cpp,4915,19,generator_specific,0,0,0,4.760
unsharp,cxx_default_on_emitted_cpp,cxx_replace_scalar_call,unsharp.halide_generated.cpp,4916,19,generator_specific,0,0,0,4.851
unsharp,cxx_default_on_emitted_cpp,cxx_replace_scalar_call,unsharp.halide_generated.cpp,4923,19,generator_specific,0,0,0,5.580
unsharp,cxx_default_on_emitted_cpp,cxx_replace_scalar_call,unsharp.halide_generated.cpp,4925,19,generator_specific,0,0,0,5.988
unsharp,cxx_default_on_emitted_cpp,cxx_replace_scalar_call,unsharp.halide_generated.cpp,4927,19,generator_specific,0,0,0,5.962
unsharp,cxx_default_on_emitted_cpp,cxx_replace_scalar_call,unsharp.halide_generated.cpp,4930,19,generator_specific,0,0,0,5.384
unsharp,cxx_default_on_emitted_cpp,cxx_replace_scalar_call,unsharp.halide_generated.cpp,5020,19,generator_specific,0,0,1,1.164
unsharp,cxx_default_on_emitted_cpp,cxx_replace_scalar_call,unsharp.halide_generated.cpp,5032,9,wrapper_metadata,0,0,0,4.301
unsharp,cxx_default_on_emitted_cpp,cxx_sub_to_add,unsharp.halide_generated.cpp,3682,24,generator_specific,0,0,0,2.614
unsharp,cxx_default_on_emitted_cpp,cxx_sub_to_add,unsharp.halide_generated.cpp,3687,24,generator_specific,0,0,0,2.651
unsharp,cxx_default_on_emitted_cpp,cxx_sub_to_add,unsharp.halide_generated.cpp,3692,24,generator_specific,0,0,0,3.015
unsharp,cxx_default_on_emitted_cpp,cxx_sub_to_add,unsharp.halide_generated.cpp,3694,24,generator_specific,0,0,0,2.756
unsharp,cxx_default_on_emitted_cpp,cxx_sub_to_add,unsharp.halide_generated.cpp,3695,24,generator_specific,0,0,0,2.644
unsharp,cxx_default_on_emitted_cpp,cxx_sub_to_add,unsharp.halide_generated.cpp,3696,24,generator_specific,0,0,0,2.537
unsharp,cxx_default_on_emitted_cpp,cxx_sub_to_add,unsharp.halide_generated.cpp,3697,24,generator_specific,0,0,0,2.911
unsharp,cxx_default_on_emitted_cpp,cxx_sub_to_add,unsharp.halide_generated.cpp,3698,24,generator_specific,0,0,0,2.503
unsharp,cxx_default_on_emitted_cpp,cxx_sub_to_add,unsharp.halide_generated.cpp,3699,24,generator_specific,0,0,0,2.683
unsharp,cxx_default_on_emitted_cpp,cxx_sub_to_add,unsharp.halide_generated.cpp,3700,24,generator_specific,0,0,0,5.669
unsharp,cxx_default_on_emitted_cpp,cxx_sub_to_add,unsharp.halide_generated.cpp,3752,26,generator_specific,-6,1,1,0.260
unsharp,cxx_default_on_emitted_cpp,cxx_sub_to_add,unsharp.halide_generated.cpp,4018,28,generator_specific,0,0,1,2.572
unsharp,cxx_default_on_emitted_cpp,cxx_sub_to_add,unsharp.halide_generated.cpp,4067,28,generator_specific,0,0,0,2.955
unsharp,cxx_default_on_emitted_cpp,cxx_sub_to_add,unsharp.halide_generated.cpp,4184,26,generator_specific,0,0,0,2.765
unsharp,cxx_default_on_emitted_cpp,cxx_sub_to_add,unsharp.halide_generated.cpp,4189,26,generator_specific,0,0,0,2.642
unsharp,cxx_default_on_emitted_cpp,cxx_sub_to_add,unsharp.halide_generated.cpp,4194,26,generator_specific,0,0,0,2.628
unsharp,cxx_default_on_emitted_cpp,cxx_sub_to_add,unsharp.halide_generated.cpp,4372,28,generator_specific,0,0,1,2.650
unsharp,cxx_default_on_emitted_cpp,cxx_sub_to_add,unsharp.halide_generated.cpp,4488,22,generator_specific,0,0,0,2.580
unsharp,cxx_default_on_emitted_cpp,cxx_sub_to_add,unsharp.halide_generated.cpp,4504,22,generator_specific,0,0,0,2.427
unsharp,cxx_default_on_emitted_cpp,cxx_sub_to_add,unsharp.halide_generated.cpp,4515,22,generator_specific,0,0,0,2.626
unsharp,cxx_default_on_emitted_cpp,cxx_sub_to_add,unsharp.halide_generated.cpp,4717,23,generator_specific,0,0,0,2.587
unsharp,cxx_default_on_emitted_cpp,cxx_sub_to_add,unsharp.halide_generated.cpp,4730,24,generator_specific,0,0,0,2.411
unsharp,cxx_default_on_emitted_cpp,cxx_sub_to_add,unsharp.halide_generated.cpp,4751,23,generator_specific,0,0,0,2.571
unsharp,cxx_default_on_emitted_cpp,cxx_sub_to_add,unsharp.halide_generated.cpp,4764,24,generator_specific,0,0,0,2.580
unsharp,cxx_default_on_emitted_cpp,cxx_sub_to_add,unsharp.halide_generated.cpp,4795,23,generator_specific,0,0,0,2.359
unsharp,cxx_default_on_emitted_cpp,cxx_sub_to_add,unsharp.halide_generated.cpp,4808,24,generator_specific,0,0,0,2.892
unsharp,cxx_default_on_emitted_cpp,cxx_sub_to_add,unsharp.halide_generated.cpp,4829,23,generator_specific,0,0,0,2.449
unsharp,cxx_default_on_emitted_cpp,cxx_sub_to_add,unsharp.halide_generated.cpp,4842,24,generator_specific,0,0,0,2.352
unsharp,cxx_default_on_emitted_cpp,cxx_sub_to_add,unsharp.halide_generated.cpp,4886,23,generator_specific,0,0,0,2.323
unsharp,cxx_default_on_emitted_cpp,cxx_sub_to_add,unsharp.halide_generated.cpp,4894,23,generator_specific,0,0,0,2.256
unsharp,cxx_default_on_emitted_cpp,cxx_sub_to_add,unsharp.halide_generated.cpp,4912,24,generator_specific,0,0,0,2.239
unsharp,cxx_default_on_emitted_cpp,cxx_sub_to_add,unsharp.halide_generated.cpp,4917,25,generator_specific,0,0,0,2.413
unsharp,cxx_default_on_emitted_cpp,cxx_sub_to_add,unsharp.halide_generated.cpp,4935,24,generator_specific,0,0,0,2.380
unsharp,cxx_default_on_emitted_cpp,cxx_sub_to_add,unsharp.halide_generated.cpp,4936,25,generator_specific,0,0,0,2.370
unsharp,cxx_default_on_emitted_cpp,cxx_sub_to_add,unsharp.halide_generated.cpp,4937,25,generator_specific,0,0,0,2.357
unsharp,cxx_default_on_emitted_cpp,cxx_sub_to_add,unsharp.halide_generated.cpp,4939,21,generator_specific,0,0,0,2.358
