app,arm,mutator,file,line,column,region,exit_code,killed,wall_seconds
blur,cxx_default_on_emitted_cpp,cxx_add_to_sub,halide_blur.halide_generated.cpp,3567,19,generator_specific,0,0,0.434
blur,cxx_default_on_emitted_cpp,cxx_add_to_sub,halide_blur.halide_generated.cpp,3585,20,generator_specific,139,1,1.497
blur,cxx_default_on_emitted_cpp,cxx_add_to_sub,halide_blur.halide_generated.cpp,3588,46,generator_specific,139,1,1.502
blur,cxx_default_on_emitted_cpp,cxx_add_to_sub,halide_blur.halide_generated.cpp,3591,22,generator_specific,134,1,1.537
blur,cxx_default_on_emitted_cpp,cxx_add_to_sub,halide_blur.halide_generated.cpp,3593,22,generator_specific,134,1,1.562
blur,cxx_default_on_emitted_cpp,cxx_add_to_sub,halide_blur.halide_generated.cpp,3594,52,generator_specific,134,1,1.533
blur,cxx_default_on_emitted_cpp,cxx_add_to_sub,halide_blur.halide_generated.cpp,3606,23,generator_specific,0,0,0.485
blur,cxx_default_on_emitted_cpp,cxx_add_to_sub,halide_blur.halide_generated.cpp,3613,24,generator_specific,139,1,1.502
blur,cxx_default_on_emitted_cpp,cxx_add_to_sub,halide_blur.halide_generated.cpp,3614,24,generator_specific,134,1,1.517
blur,cxx_default_on_emitted_cpp,cxx_add_to_sub,halide_blur.halide_generated.cpp,3616,24,generator_specific,134,1,1.566
blur,cxx_default_on_emitted_cpp,cxx_add_to_sub,halide_blur.halide_generated.cpp,3619,28,generator_specific,134,1,1.559
blur,cxx_default_on_emitted_cpp,cxx_add_to_sub,halide_blur.halide_generated.cpp,3620,28,generator_specific,134,1,1.527
blur,cxx_default_on_emitted_cpp,cxx_add_to_sub,halide_blur.halide_generated.cpp,3624,24,generator_specific,139,1,1.553
blur,cxx_default_on_emitted_cpp,cxx_add_to_sub,halide_blur.halide_generated.cpp,3632,20,generator_specific,139,1,1.500
blur,cxx_default_on_emitted_cpp,cxx_add_to_sub,halide_blur.halide_generated.cpp,3636,38,generator_specific,139,1,1.509
blur,cxx_default_on_emitted_cpp,cxx_add_to_sub,halide_blur.halide_generated.cpp,3638,22,generator_specific,0,0,0.442
blur,cxx_default_on_emitted_cpp,cxx_add_to_sub,halide_blur.halide_generated.cpp,3639,22,generator_specific,0,0,0.434
blur,cxx_default_on_emitted_cpp,cxx_add_to_sub,halide_blur.halide_generated.cpp,3641,22,generator_specific,0,0,0.444
blur,cxx_default_on_emitted_cpp,cxx_add_to_sub,halide_blur.halide_generated.cpp,3644,26,generator_specific,0,0,0.470
blur,cxx_default_on_emitted_cpp,cxx_add_to_sub,halide_blur.halide_generated.cpp,3645,26,generator_specific,0,0,0.495
blur,cxx_default_on_emitted_cpp,cxx_add_to_sub,halide_blur.halide_generated.cpp,3649,22,generator_specific,0,0,0.470
blur,cxx_default_on_emitted_cpp,cxx_add_to_sub,halide_blur.halide_generated.cpp,3654,38,generator_specific,0,0,0.479
blur,cxx_default_on_emitted_cpp,cxx_add_to_sub,halide_blur.halide_generated.cpp,3655,22,generator_specific,0,0,0.440
blur,cxx_default_on_emitted_cpp,cxx_add_to_sub,halide_blur.halide_generated.cpp,3659,22,generator_specific,0,0,0.473
blur,cxx_default_on_emitted_cpp,cxx_add_to_sub,halide_blur.halide_generated.cpp,3666,26,generator_specific,0,0,0.446
blur,cxx_default_on_emitted_cpp,cxx_add_to_sub,halide_blur.halide_generated.cpp,3667,26,generator_specific,0,0,0.442
blur,cxx_default_on_emitted_cpp,cxx_add_to_sub,halide_blur.halide_generated.cpp,3671,38,generator_specific,134,1,1.573
blur,cxx_default_on_emitted_cpp,cxx_add_to_sub,halide_blur.halide_generated.cpp,3674,38,generator_specific,139,1,1.496
blur,cxx_default_on_emitted_cpp,cxx_add_to_sub,halide_blur.halide_generated.cpp,3675,23,generator_specific,0,0,0.460
blur,cxx_default_on_emitted_cpp,cxx_add_to_sub,halide_blur.halide_generated.cpp,3679,24,generator_specific,134,1,1.513
blur,cxx_default_on_emitted_cpp,cxx_add_to_sub,halide_blur.halide_generated.cpp,3680,23,generator_specific,134,1,1.534
blur,cxx_default_on_emitted_cpp,cxx_add_to_sub,halide_blur.halide_generated.cpp,3681,68,generator_specific,134,1,1.565
blur,cxx_default_on_emitted_cpp,cxx_add_to_sub,halide_blur.halide_generated.cpp,3684,23,generator_specific,0,0,0.475
blur,cxx_default_on_emitted_cpp,cxx_add_to_sub,halide_blur.halide_generated.cpp,3690,26,generator_specific,139,1,1.526
blur,cxx_default_on_emitted_cpp,cxx_add_to_sub,halide_blur.halide_generated.cpp,3691,26,generator_specific,134,1,1.523
blur,cxx_default_on_emitted_cpp,cxx_add_to_sub,halide_blur.halide_generated.cpp,3693,26,generator_specific,134,1,1.552
blur,cxx_default_on_emitted_cpp,cxx_add_to_sub,halide_blur.halide_generated.cpp,3695,26,generator_specific,134,1,1.516
blur,cxx_default_on_emitted_cpp,cxx_add_to_sub,halide_blur.halide_generated.cpp,3697,30,generator_specific,134,1,1.517
blur,cxx_default_on_emitted_cpp,cxx_add_to_sub,halide_blur.halide_generated.cpp,3698,30,generator_specific,134,1,1.564
blur,cxx_default_on_emitted_cpp,cxx_add_to_sub,halide_blur.halide_generated.cpp,3702,26,generator_specific,139,1,1.519
blur,cxx_default_on_emitted_cpp,cxx_add_to_sub,halide_blur.halide_generated.cpp,3703,26,generator_specific,139,1,1.533
blur,cxx_default_on_emitted_cpp,cxx_add_to_sub,halide_blur.halide_generated.cpp,3707,24,generator_specific,134,1,1.520
blur,cxx_default_on_emitted_cpp,cxx_add_to_sub,halide_blur.halide_generated.cpp,3711,25,generator_specific,139,1,1.499
blur,cxx_default_on_emitted_cpp,cxx_add_to_sub,halide_blur.halide_generated.cpp,3712,25,generator_specific,134,1,1.524
blur,cxx_default_on_emitted_cpp,cxx_add_to_sub,halide_blur.halide_generated.cpp,3714,24,generator_specific,0,0,0.447
blur,cxx_default_on_emitted_cpp,cxx_add_to_sub,halide_blur.halide_generated.cpp,3717,25,generator_specific,139,1,1.557
blur,cxx_default_on_emitted_cpp,cxx_add_to_sub,halide_blur.halide_generated.cpp,3718,25,generator_specific,134,1,1.510
blur,cxx_default_on_emitted_cpp,cxx_add_to_sub,halide_blur.halide_generated.cpp,3722,25,generator_specific,139,1,1.501
blur,cxx_default_on_emitted_cpp,cxx_add_to_sub,halide_blur.halide_generated.cpp,3723,25,generator_specific,134,1,1.521
blur,cxx_default_on_emitted_cpp,cxx_add_to_sub,halide_blur.halide_generated.cpp,3725,29,generator_specific,134,1,1.673
blur,cxx_default_on_emitted_cpp,cxx_add_to_sub,halide_blur.halide_generated.cpp,3726,29,generator_specific,134,1,1.532
blur,cxx_default_on_emitted_cpp,cxx_add_to_sub,halide_blur.halide_generated.cpp,3731,25,generator_specific,0,0,0.476
blur,cxx_default_on_emitted_cpp,cxx_add_to_sub,halide_blur.halide_generated.cpp,3732,25,generator_specific,134,1,1.521
blur,cxx_default_on_emitted_cpp,cxx_add_to_sub,halide_blur.halide_generated.cpp,3733,25,generator_specific,134,1,1.553
blur,cxx_default_on_emitted_cpp,cxx_add_to_sub,halide_blur.halide_generated.cpp,3739,40,generator_specific,0,0,0.441
blur,cxx_default_on_emitted_cpp,cxx_add_to_sub,halide_blur.halide_generated.cpp,3742,25,generator_specific,0,0,0.445
blur,cxx_default_on_emitted_cpp,cxx_add_to_sub,halide_blur.halide_generated.cpp,3743,25,generator_specific,0,0,0.479
blur,cxx_default_on_emitted_cpp,cxx_add_to_sub,halide_blur.halide_generated.cpp,3746,25,generator_specific,0,0,0.447
blur,cxx_default_on_emitted_cpp,cxx_add_to_sub,halide_blur.halide_generated.cpp,3747,25,generator_specific,0,0,0.503
blur,cxx_default_on_emitted_cpp,cxx_add_to_sub,halide_blur.halide_generated.cpp,3749,25,generator_specific,0,0,0.512
blur,cxx_default_on_emitted_cpp,cxx_add_to_sub,halide_blur.halide_generated.cpp,3752,29,generator_specific,0,0,0.513
blur,cxx_default_on_emitted_cpp,cxx_add_to_sub,halide_blur.halide_generated.cpp,3753,29,generator_specific,0,0,0.514
blur,cxx_default_on_emitted_cpp,cxx_add_to_sub,halide_blur.halide_generated.cpp,3757,25,generator_specific,0,0,0.462
blur,cxx_default_on_emitted_cpp,cxx_add_to_sub,halide_blur.halide_generated.cpp,3760,25,generator_specific,0,0,0.484
blur,cxx_default_on_emitted_cpp,cxx_add_to_sub,halide_blur.halide_generated.cpp,3763,40,generator_specific,0,0,0.495
blur,cxx_default_on_emitted_cpp,cxx_add_to_sub,halide_blur.halide_generated.cpp,3764,25,generator_specific,0,0,0.505
blur,cxx_default_on_emitted_cpp,cxx_add_to_sub,halide_blur.halide_generated.cpp,3767,25,generator_specific,0,0,0.462
blur,cxx_default_on_emitted_cpp,cxx_add_to_sub,halide_blur.halide_generated.cpp,3769,25,generator_specific,0,0,0.452
blur,cxx_default_on_emitted_cpp,cxx_add_to_sub,halide_blur.halide_generated.cpp,3772,25,generator_specific,0,0,0.502
blur,cxx_default_on_emitted_cpp,cxx_add_to_sub,halide_blur.halide_generated.cpp,3776,25,generator_specific,0,0,0.449
blur,cxx_default_on_emitted_cpp,cxx_add_to_sub,halide_blur.halide_generated.cpp,3778,29,generator_specific,0,0,0.483
blur,cxx_default_on_emitted_cpp,cxx_add_to_sub,halide_blur.halide_generated.cpp,3779,29,generator_specific,0,0,0.441
blur,cxx_default_on_emitted_cpp,cxx_add_to_sub,halide_blur.halide_generated.cpp,3784,25,generator_specific,0,0,0.442
blur,cxx_default_on_emitted_cpp,cxx_add_to_sub,halide_blur.halide_generated.cpp,3837,22,generator_specific,0,0,0.482
blur,cxx_default_on_emitted_cpp,cxx_add_to_sub,halide_blur.halide_generated.cpp,3840,22,generator_specific,134,1,1.504
blur,cxx_default_on_emitted_cpp,cxx_add_to_sub,halide_blur.halide_generated.cpp,3846,22,generator_specific,0,0,0.461
blur,cxx_default_on_emitted_cpp,cxx_add_to_sub,halide_blur.halide_generated.cpp,3849,22,generator_specific,0,0,0.445
blur,cxx_default_on_emitted_cpp,cxx_add_to_sub,halide_blur.halide_generated.cpp,3851,22,generator_specific,0,0,0.441
blur,cxx_default_on_emitted_cpp,cxx_add_to_sub,halide_blur.halide_generated.cpp,3854,22,generator_specific,0,0,0.446
blur,cxx_default_on_emitted_cpp,cxx_add_to_sub,halide_blur.halide_generated.cpp,3857,22,generator_specific,0,0,0.441
blur,cxx_default_on_emitted_cpp,cxx_add_to_sub,halide_blur.halide_generated.cpp,3870,23,generator_specific,0,0,0.445
blur,cxx_default_on_emitted_cpp,cxx_add_to_sub,halide_blur.halide_generated.cpp,3871,23,generator_specific,0,0,0.482
blur,cxx_default_on_emitted_cpp,cxx_add_to_sub,halide_blur.halide_generated.cpp,3873,23,generator_specific,0,0,0.491
blur,cxx_default_on_emitted_cpp,cxx_add_to_sub,halide_blur.halide_generated.cpp,3874,23,generator_specific,0,0,0.470
blur,cxx_default_on_emitted_cpp,cxx_add_to_sub,halide_blur.halide_generated.cpp,3891,23,generator_specific,0,0,0.443
blur,cxx_default_on_emitted_cpp,cxx_add_to_sub,halide_blur.halide_generated.cpp,3892,23,generator_specific,0,0,0.513
blur,cxx_default_on_emitted_cpp,cxx_add_to_sub,halide_blur.halide_generated.cpp,3894,23,generator_specific,0,0,0.485
blur,cxx_default_on_emitted_cpp,cxx_add_to_sub,halide_blur.halide_generated.cpp,3895,23,generator_specific,0,0,0.454
blur,cxx_default_on_emitted_cpp,cxx_add_to_sub,halide_blur.halide_generated.cpp,3897,23,generator_specific,0,0,0.520
blur,cxx_default_on_emitted_cpp,cxx_add_to_sub,halide_blur.halide_generated.cpp,3943,24,generator_specific,0,0,0.522
blur,cxx_default_on_emitted_cpp,cxx_add_to_sub,halide_blur.halide_generated.cpp,3945,24,generator_specific,0,0,0.451
blur,cxx_default_on_emitted_cpp,cxx_add_to_sub,halide_blur.halide_generated.cpp,3946,24,generator_specific,0,0,0.448
blur,cxx_default_on_emitted_cpp,cxx_add_to_sub,halide_blur.halide_generated.cpp,3947,24,generator_specific,0,0,0.445
blur,cxx_default_on_emitted_cpp,cxx_add_to_sub,halide_blur.halide_generated.cpp,3954,24,generator_specific,0,0,0.450
blur,cxx_default_on_emitted_cpp,cxx_add_to_sub,halide_blur.halide_generated.cpp,3956,24,generator_specific,0,0,0.445
blur,cxx_default_on_emitted_cpp,cxx_add_to_sub,halide_blur.halide_generated.cpp,3957,24,generator_specific,0,0,0.447
blur,cxx_default_on_emitted_cpp,cxx_add_to_sub,halide_blur.halide_generated.cpp,3958,24,generator_specific,0,0,0.448
blur,cxx_default_on_emitted_cpp,cxx_add_to_sub,halide_blur.halide_generated.cpp,3962,23,generator_specific,0,0,0.452
blur,cxx_default_on_emitted_cpp,cxx_add_to_sub,halide_blur.halide_generated.cpp,3964,23,generator_specific,0,0,0.494
blur,cxx_default_on_emitted_cpp,cxx_add_to_sub,halide_blur.halide_generated.cpp,3965,23,generator_specific,0,0,0.520
blur,cxx_default_on_emitted_cpp,cxx_add_to_sub,halide_blur.halide_generated.cpp,3966,23,generator_specific,0,0,0.528
blur,cxx_default_on_emitted_cpp,cxx_add_to_sub,halide_blur.halide_generated.cpp,3971,24,generator_specific,0,0,0.451
blur,cxx_default_on_emitted_cpp,cxx_add_to_sub,halide_blur.halide_generated.cpp,3972,24,generator_specific,0,0,0.521
blur,cxx_default_on_emitted_cpp,cxx_add_to_sub,halide_blur.halide_generated.cpp,3973,24,generator_specific,0,0,0.490
blur,cxx_default_on_emitted_cpp,cxx_add_to_sub,halide_blur.halide_generated.cpp,3974,24,generator_specific,0,0,0.499
blur,cxx_default_on_emitted_cpp,cxx_add_to_sub,halide_blur.halide_generated.cpp,3985,23,generator_specific,0,0,0.450
blur,cxx_default_on_emitted_cpp,cxx_add_to_sub,halide_blur.halide_generated.cpp,3986,23,generator_specific,0,0,0.450
blur,cxx_default_on_emitted_cpp,cxx_add_to_sub,halide_blur.halide_generated.cpp,3987,23,generator_specific,0,0,0.452
blur,cxx_default_on_emitted_cpp,cxx_add_to_sub,halide_blur.halide_generated.cpp,3992,24,generator_specific,0,0,0.449
blur,cxx_default_on_emitted_cpp,cxx_add_to_sub,halide_blur.halide_generated.cpp,3993,24,generator_specific,0,0,0.450
blur,cxx_default_on_emitted_cpp,cxx_add_to_sub,halide_blur.halide_generated.cpp,3994,24,generator_specific,0,0,0.469
blur,cxx_default_on_emitted_cpp,cxx_add_to_sub,halide_blur.halide_generated.cpp,3995,24,generator_specific,0,0,0.445
blur,cxx_default_on_emitted_cpp,cxx_add_to_sub,halide_blur.halide_generated.cpp,4143,23,generator_specific,0,0,0.452
blur,cxx_default_on_emitted_cpp,cxx_add_to_sub,halide_blur.halide_generated.cpp,4145,23,generator_specific,0,0,0.524
blur,cxx_default_on_emitted_cpp,cxx_add_to_sub,halide_blur.halide_generated.cpp,4147,23,generator_specific,0,0,0.453
blur,cxx_default_on_emitted_cpp,cxx_add_to_sub,halide_blur.halide_generated.cpp,4152,23,generator_specific,0,0,0.491
blur,cxx_default_on_emitted_cpp,cxx_div_to_mul,halide_blur.halide_generated.cpp,3623,28,generator_specific,134,1,1.526
blur,cxx_default_on_emitted_cpp,cxx_div_to_mul,halide_blur.halide_generated.cpp,3648,26,generator_specific,0,0,0.457
blur,cxx_default_on_emitted_cpp,cxx_div_to_mul,halide_blur.halide_generated.cpp,3670,26,generator_specific,0,0,0.492
blur,cxx_default_on_emitted_cpp,cxx_div_to_mul,halide_blur.halide_generated.cpp,3701,30,generator_specific,134,1,1.563
blur,cxx_default_on_emitted_cpp,cxx_div_to_mul,halide_blur.halide_generated.cpp,3729,29,generator_specific,134,1,1.527
blur,cxx_default_on_emitted_cpp,cxx_div_to_mul,halide_blur.halide_generated.cpp,3756,29,generator_specific,0,0,0.442
blur,cxx_default_on_emitted_cpp,cxx_div_to_mul,halide_blur.halide_generated.cpp,3782,29,generator_specific,0,0,0.455
blur,cxx_default_on_emitted_cpp,cxx_eq_to_ne,halide_blur.halide_generated.cpp,2503,22,boilerplate,134,1,1.556
blur,cxx_default_on_emitted_cpp,cxx_eq_to_ne,halide_blur.halide_generated.cpp,2503,48,boilerplate,0,0,0.451
blur,cxx_default_on_emitted_cpp,cxx_eq_to_ne,halide_blur.halide_generated.cpp,3579,38,generator_specific,0,0,0.493
blur,cxx_default_on_emitted_cpp,cxx_eq_to_ne,halide_blur.halide_generated.cpp,3913,20,generator_specific,134,1,1.603
blur,cxx_default_on_emitted_cpp,cxx_eq_to_ne,halide_blur.halide_generated.cpp,3920,20,generator_specific,134,1,1.503
blur,cxx_default_on_emitted_cpp,cxx_eq_to_ne,halide_blur.halide_generated.cpp,3927,20,generator_specific,134,1,1.506
blur,cxx_default_on_emitted_cpp,cxx_eq_to_ne,halide_blur.halide_generated.cpp,3934,20,generator_specific,134,1,1.540
blur,cxx_default_on_emitted_cpp,cxx_eq_to_ne,halide_blur.halide_generated.cpp,4005,20,generator_specific,134,1,1.547
blur,cxx_default_on_emitted_cpp,cxx_eq_to_ne,halide_blur.halide_generated.cpp,4011,20,generator_specific,134,1,1.507
blur,cxx_default_on_emitted_cpp,cxx_eq_to_ne,halide_blur.halide_generated.cpp,4196,20,generator_specific,0,0,0.441
blur,cxx_default_on_emitted_cpp,cxx_gt_to_ge,halide_blur.halide_generated.cpp,252,15,boilerplate,0,0,0.447
blur,cxx_default_on_emitted_cpp,cxx_gt_to_ge,halide_blur.halide_generated.cpp,3572,12,generator_specific,0,0,0.517
blur,cxx_default_on_emitted_cpp,cxx_gt_to_ge,halide_blur.halide_generated.cpp,3572,70,generator_specific,0,0,0.469
blur,cxx_default_on_emitted_cpp,cxx_gt_to_ge,halide_blur.halide_generated.cpp,4038,20,generator_specific,0,0,0.523
blur,cxx_default_on_emitted_cpp,cxx_gt_to_ge,halide_blur.halide_generated.cpp,4051,21,generator_specific,0,0,0.527
blur,cxx_default_on_emitted_cpp,cxx_gt_to_ge,halide_blur.halide_generated.cpp,4082,20,generator_specific,0,0,0.459
blur,cxx_default_on_emitted_cpp,cxx_gt_to_ge,halide_blur.halide_generated.cpp,4095,21,generator_specific,0,0,0.471
blur,cxx_default_on_emitted_cpp,cxx_gt_to_le,halide_blur.halide_generated.cpp,252,15,boilerplate,134,1,1.567
blur,cxx_default_on_emitted_cpp,cxx_gt_to_le,halide_blur.halide_generated.cpp,3572,12,generator_specific,134,1,1.515
blur,cxx_default_on_emitted_cpp,cxx_gt_to_le,halide_blur.halide_generated.cpp,3572,70,generator_specific,134,1,1.547
blur,cxx_default_on_emitted_cpp,cxx_gt_to_le,halide_blur.halide_generated.cpp,4038,20,generator_specific,134,1,1.508
blur,cxx_default_on_emitted_cpp,cxx_gt_to_le,halide_blur.halide_generated.cpp,4051,21,generator_specific,0,0,0.485
blur,cxx_default_on_emitted_cpp,cxx_gt_to_le,halide_blur.halide_generated.cpp,4082,20,generator_specific,134,1,1.554
blur,cxx_default_on_emitted_cpp,cxx_gt_to_le,halide_blur.halide_generated.cpp,4095,21,generator_specific,0,0,0.463
blur,cxx_default_on_emitted_cpp,cxx_le_to_gt,halide_blur.halide_generated.cpp,3940,18,generator_specific,134,1,1.552
blur,cxx_default_on_emitted_cpp,cxx_le_to_gt,halide_blur.halide_generated.cpp,3951,18,generator_specific,134,1,1.517
blur,cxx_default_on_emitted_cpp,cxx_le_to_gt,halide_blur.halide_generated.cpp,3963,20,generator_specific,134,1,1.528
blur,cxx_default_on_emitted_cpp,cxx_le_to_gt,halide_blur.halide_generated.cpp,3967,20,generator_specific,134,1,1.525
blur,cxx_default_on_emitted_cpp,cxx_le_to_gt,halide_blur.halide_generated.cpp,3978,17,generator_specific,134,1,1.559
blur,cxx_default_on_emitted_cpp,cxx_le_to_gt,halide_blur.halide_generated.cpp,3984,20,generator_specific,134,1,1.494
blur,cxx_default_on_emitted_cpp,cxx_le_to_gt,halide_blur.halide_generated.cpp,3988,20,generator_specific,134,1,1.499
blur,cxx_default_on_emitted_cpp,cxx_le_to_gt,halide_blur.halide_generated.cpp,3999,17,generator_specific,134,1,1.560
blur,cxx_default_on_emitted_cpp,cxx_le_to_gt,halide_blur.halide_generated.cpp,4025,20,generator_specific,134,1,1.557
blur,cxx_default_on_emitted_cpp,cxx_le_to_gt,halide_blur.halide_generated.cpp,4043,20,generator_specific,134,1,1.556
blur,cxx_default_on_emitted_cpp,cxx_le_to_gt,halide_blur.halide_generated.cpp,4060,20,generator_specific,134,1,1.503
blur,cxx_default_on_emitted_cpp,cxx_le_to_gt,halide_blur.halide_generated.cpp,4069,20,generator_specific,134,1,1.555
blur,cxx_default_on_emitted_cpp,cxx_le_to_gt,halide_blur.halide_generated.cpp,4087,20,generator_specific,134,1,1.539
blur,cxx_default_on_emitted_cpp,cxx_le_to_gt,halide_blur.halide_generated.cpp,4104,20,generator_specific,134,1,1.497
blur,cxx_default_on_emitted_cpp,cxx_le_to_lt,halide_blur.halide_generated.cpp,3940,18,generator_specific,0,0,0.460
blur,cxx_default_on_emitted_cpp,cxx_le_to_lt,halide_blur.halide_generated.cpp,3951,18,generator_specific,0,0,0.444
blur,cxx_default_on_emitted_cpp,cxx_le_to_lt,halide_blur.halide_generated.cpp,3963,20,generator_specific,134,1,1.540
blur,cxx_default_on_emitted_cpp,cxx_le_to_lt,halide_blur.halide_generated.cpp,3967,20,generator_specific,0,0,0.505
blur,cxx_default_on_emitted_cpp,cxx_le_to_lt,halide_blur.halide_generated.cpp,3978,17,generator_specific,0,0,0.518
blur,cxx_default_on_emitted_cpp,cxx_le_to_lt,halide_blur.halide_generated.cpp,3984,20,generator_specific,134,1,1.571
blur,cxx_default_on_emitted_cpp,cxx_le_to_lt,halide_blur.halide_generated.cpp,3988,20,generator_specific,134,1,1.558
blur,cxx_default_on_emitted_cpp,cxx_le_to_lt,halide_blur.halide_generated.cpp,3999,17,generator_specific,0,0,0.480
blur,cxx_default_on_emitted_cpp,cxx_le_to_lt,halide_blur.halide_generated.cpp,4025,20,generator_specific,0,0,0.443
blur,cxx_default_on_emitted_cpp,cxx_le_to_lt,halide_blur.halide_generated.cpp,4043,20,generator_specific,0,0,0.490
blur,cxx_default_on_emitted_cpp,cxx_le_to_lt,halide_blur.halide_generated.cpp,4060,20,generator_specific,0,0,0.449
blur,cxx_default_on_emitted_cpp,cxx_le_to_lt,halide_blur.halide_generated.cpp,4069,20,generator_specific,0,0,0.509
blur,cxx_default_on_emitted_cpp,cxx_le_to_lt,halide_blur.halide_generated.cpp,4087,20,generator_specific,0,0,0.447
blur,cxx_default_on_emitted_cpp,cxx_le_to_lt,halide_blur.halide_generated.cpp,4104,20,generator_specific,0,0,0.446
blur,cxx_default_on_emitted_cpp,cxx_lt_to_ge,halide_blur.halide_generated.cpp,2530,27,boilerplate,0,0,0.515
blur,cxx_default_on_emitted_cpp,cxx_lt_to_ge,halide_blur.halide_generated.cpp,257,15,boilerplate,134,1,1.505
blur,cxx_default_on_emitted_cpp,cxx_lt_to_ge,halide_blur.halide_generated.cpp,3586,73,generator_specific,134,1,1.567
blur,cxx_default_on_emitted_cpp,cxx_lt_to_ge,halide_blur.halide_generated.cpp,3594,48,generator_specific,134,1,1.510
blur,cxx_default_on_emitted_cpp,cxx_lt_to_ge,halide_blur.halide_generated.cpp,3600,18,generator_specific,0,0,0.464
blur,cxx_default_on_emitted_cpp,cxx_lt_to_ge,halide_blur.halide_generated.cpp,3602,18,generator_specific,134,1,1.548
blur,cxx_default_on_emitted_cpp,cxx_lt_to_ge,halide_blur.halide_generated.cpp,3609,19,generator_specific,0,0,0.481
blur,cxx_default_on_emitted_cpp,cxx_lt_to_ge,halide_blur.halide_generated.cpp,3633,57,generator_specific,134,1,1.563
blur,cxx_default_on_emitted_cpp,cxx_lt_to_ge,halide_blur.halide_generated.cpp,3681,64,generator_specific,134,1,1.559
blur,cxx_default_on_emitted_cpp,cxx_lt_to_ge,halide_blur.halide_generated.cpp,3685,22,generator_specific,134,1,1.525
blur,cxx_default_on_emitted_cpp,cxx_lt_to_ge,halide_blur.halide_generated.cpp,3836,17,generator_specific,0,0,0.442
blur,cxx_default_on_emitted_cpp,cxx_lt_to_le,halide_blur.halide_generated.cpp,2530,27,boilerplate,0,0,0.441
blur,cxx_default_on_emitted_cpp,cxx_lt_to_le,halide_blur.halide_generated.cpp,257,15,boilerplate,0,0,0.442
blur,cxx_default_on_emitted_cpp,cxx_lt_to_le,halide_blur.halide_generated.cpp,3586,73,generator_specific,0,0,0.495
blur,cxx_default_on_emitted_cpp,cxx_lt_to_le,halide_blur.halide_generated.cpp,3594,48,generator_specific,0,0,0.488
blur,cxx_default_on_emitted_cpp,cxx_lt_to_le,halide_blur.halide_generated.cpp,3600,18,generator_specific,0,0,0.545
blur,cxx_default_on_emitted_cpp,cxx_lt_to_le,halide_blur.halide_generated.cpp,3602,18,generator_specific,0,0,0.493
blur,cxx_default_on_emitted_cpp,cxx_lt_to_le,halide_blur.halide_generated.cpp,3609,19,generator_specific,0,0,0.495
blur,cxx_default_on_emitted_cpp,cxx_lt_to_le,halide_blur.halide_generated.cpp,3633,57,generator_specific,134,1,1.550
blur,cxx_default_on_emitted_cpp,cxx_lt_to_le,halide_blur.halide_generated.cpp,3681,64,generator_specific,134,1,1.553
blur,cxx_default_on_emitted_cpp,cxx_lt_to_le,halide_blur.halide_generated.cpp,3685,22,generator_specific,0,0,0.447
blur,cxx_default_on_emitted_cpp,cxx_lt_to_le,halide_blur.halide_generated.cpp,3836,17,generator_specific,0,0,0.487
blur,cxx_default_on_emitted_cpp,cxx_mul_to_div,halide_blur.halide_generated.cpp,3566,31,generator_specific,134,1,1.546
blur,cxx_default_on_emitted_cpp,cxx_mul_to_div,halide_blur.halide_generated.cpp,3571,21,generator_specific,134,1,1.504
blur,cxx_default_on_emitted_cpp,cxx_mul_to_div,halide_blur.halide_generated.cpp,3572,49,generator_specific,0,0,0.467
blur,cxx_default_on_emitted_cpp,cxx_mul_to_div,halide_blur.halide_generated.cpp,3578,74,generator_specific,134,1,1.553
blur,cxx_default_on_emitted_cpp,cxx_mul_to_div,halide_blur.halide_generated.cpp,3590,22,generator_specific,134,1,1.549
blur,cxx_default_on_emitted_cpp,cxx_mul_to_div,halide_blur.halide_generated.cpp,3592,22,generator_specific,134,1,1.564
blur,cxx_default_on_emitted_cpp,cxx_mul_to_div,halide_blur.halide_generated.cpp,3596,34,generator_specific,0,0,0.483
blur,cxx_default_on_emitted_cpp,cxx_mul_to_div,halide_blur.halide_generated.cpp,3605,35,generator_specific,134,1,1.564
blur,cxx_default_on_emitted_cpp,cxx_mul_to_div,halide_blur.halide_generated.cpp,3637,22,generator_specific,0,0,0.507
blur,cxx_default_on_emitted_cpp,cxx_mul_to_div,halide_blur.halide_generated.cpp,3651,22,generator_specific,0,0,0.484
blur,cxx_default_on_emitted_cpp,cxx_mul_to_div,halide_blur.halide_generated.cpp,3657,22,generator_specific,0,0,0.467
blur,cxx_default_on_emitted_cpp,cxx_mul_to_div,halide_blur.halide_generated.cpp,3661,22,generator_specific,0,0,0.490
blur,cxx_default_on_emitted_cpp,cxx_mul_to_div,halide_blur.halide_generated.cpp,3664,22,generator_specific,0,0,0.489
blur,cxx_default_on_emitted_cpp,cxx_mul_to_div,halide_blur.halide_generated.cpp,3672,22,generator_specific,0,0,0.473
blur,cxx_default_on_emitted_cpp,cxx_mul_to_div,halide_blur.halide_generated.cpp,3677,24,generator_specific,134,1,1.544
blur,cxx_default_on_emitted_cpp,cxx_mul_to_div,halide_blur.halide_generated.cpp,3678,23,generator_specific,136,1,1.507
blur,cxx_default_on_emitted_cpp,cxx_mul_to_div,halide_blur.halide_generated.cpp,3683,43,generator_specific,0,0,0.460
blur,cxx_default_on_emitted_cpp,cxx_mul_to_div,halide_blur.halide_generated.cpp,3689,44,generator_specific,134,1,1.570
blur,cxx_default_on_emitted_cpp,cxx_mul_to_div,halide_blur.halide_generated.cpp,3709,25,generator_specific,134,1,1.531
blur,cxx_default_on_emitted_cpp,cxx_mul_to_div,halide_blur.halide_generated.cpp,3710,43,generator_specific,134,1,1.556
blur,cxx_default_on_emitted_cpp,cxx_mul_to_div,halide_blur.halide_generated.cpp,3716,25,generator_specific,134,1,1.520
blur,cxx_default_on_emitted_cpp,cxx_mul_to_div,halide_blur.halide_generated.cpp,3721,25,generator_specific,134,1,1.533
blur,cxx_default_on_emitted_cpp,cxx_mul_to_div,halide_blur.halide_generated.cpp,3730,23,generator_specific,136,1,1.513
blur,cxx_default_on_emitted_cpp,cxx_mul_to_div,halide_blur.halide_generated.cpp,3740,25,generator_specific,0,0,0.509
blur,cxx_default_on_emitted_cpp,cxx_mul_to_div,halide_blur.halide_generated.cpp,3741,24,generator_specific,0,0,0.440
blur,cxx_default_on_emitted_cpp,cxx_mul_to_div,halide_blur.halide_generated.cpp,3759,25,generator_specific,0,0,0.443
blur,cxx_default_on_emitted_cpp,cxx_mul_to_div,halide_blur.halide_generated.cpp,3766,25,generator_specific,0,0,0.443
blur,cxx_default_on_emitted_cpp,cxx_mul_to_div,halide_blur.halide_generated.cpp,3771,25,generator_specific,0,0,0.462
blur,cxx_default_on_emitted_cpp,cxx_mul_to_div,halide_blur.halide_generated.cpp,3775,25,generator_specific,0,0,0.513
blur,cxx_default_on_emitted_cpp,cxx_mul_to_div,halide_blur.halide_generated.cpp,3783,23,generator_specific,0,0,0.492
blur,cxx_default_on_emitted_cpp,cxx_mul_to_div,halide_blur.halide_generated.cpp,3839,22,generator_specific,0,0,0.493
blur,cxx_default_on_emitted_cpp,cxx_mul_to_div,halide_blur.halide_generated.cpp,3848,22,generator_specific,0,0,0.455
blur,cxx_default_on_emitted_cpp,cxx_mul_to_div,halide_blur.halide_generated.cpp,4019,23,generator_specific,0,0,0.450
blur,cxx_default_on_emitted_cpp,cxx_mul_to_div,halide_blur.halide_generated.cpp,4022,23,generator_specific,0,0,0.446
blur,cxx_default_on_emitted_cpp,cxx_mul_to_div,halide_blur.halide_generated.cpp,4035,23,generator_specific,0,0,0.491
blur,cxx_default_on_emitted_cpp,cxx_mul_to_div,halide_blur.halide_generated.cpp,4048,24,generator_specific,0,0,0.444
blur,cxx_default_on_emitted_cpp,cxx_mul_to_div,halide_blur.halide_generated.cpp,4079,23,generator_specific,0,0,0.467
blur,cxx_default_on_emitted_cpp,cxx_mul_to_div,halide_blur.halide_generated.cpp,4092,24,generator_specific,0,0,0.445
blur,cxx_default_on_emitted_cpp,cxx_mul_to_div,halide_blur.halide_generated.cpp,4138,23,generator_specific,0,0,0.463
blur,cxx_default_on_emitted_cpp,cxx_mul_to_div,halide_blur.halide_generated.cpp,4140,23,generator_specific,0,0,0.492
blur,cxx_default_on_emitted_cpp,cxx_mul_to_div,halide_blur.halide_generated.cpp,4149,23,generator_specific,0,0,0.450
blur,cxx_default_on_emitted_cpp,cxx_mul_to_div,halide_blur.halide_generated.cpp,4151,23,generator_specific,134,1,1.552
blur,cxx_default_on_emitted_cpp,cxx_ne_to_eq,halide_blur.halide_generated.cpp,1814,31,boilerplate,134,1,1.501
blur,cxx_default_on_emitted_cpp,cxx_ne_to_eq,halide_blur.halide_generated.cpp,2529,15,boilerplate,0,0,0.469
blur,cxx_default_on_emitted_cpp,cxx_ne_to_eq,halide_blur.halide_generated.cpp,3579,18,generator_specific,134,1,1.529
blur,cxx_default_on_emitted_cpp,cxx_ne_to_eq,halide_blur.halide_generated.cpp,3798,19,generator_specific,134,1,1.544
blur,cxx_default_on_emitted_cpp,cxx_ne_to_eq,halide_blur.halide_generated.cpp,3806,19,generator_specific,134,1,1.574
blur,cxx_default_on_emitted_cpp,cxx_ne_to_eq,halide_blur.halide_generated.cpp,4124,23,generator_specific,134,1,1.501
blur,cxx_default_on_emitted_cpp,cxx_ne_to_eq,halide_blur.halide_generated.cpp,4131,22,generator_specific,134,1,1.510
blur,cxx_default_on_emitted_cpp,cxx_ne_to_eq,halide_blur.halide_generated.cpp,4142,20,generator_specific,0,0,0.446
blur,cxx_default_on_emitted_cpp,cxx_post_inc_to_post_dec,halide_blur.halide_generated.cpp,2530,42,boilerplate,0,0,0.516
blur,cxx_default_on_emitted_cpp,cxx_post_inc_to_post_dec,halide_blur.halide_generated.cpp,3586,109,generator_specific,139,1,1.710
blur,cxx_default_on_emitted_cpp,cxx_post_inc_to_post_dec,halide_blur.halide_generated.cpp,3594,73,generator_specific,139,1,1.507
blur,cxx_default_on_emitted_cpp,cxx_post_inc_to_post_dec,halide_blur.halide_generated.cpp,3633,86,generator_specific,139,1,1.510
blur,cxx_default_on_emitted_cpp,cxx_post_inc_to_post_dec,halide_blur.halide_generated.cpp,3681,98,generator_specific,139,1,1.525
blur,cxx_default_on_emitted_cpp,cxx_remove_void_call,halide_blur.halide_generated.cpp,285,13,boilerplate,0,0,0.495
blur,cxx_default_on_emitted_cpp,cxx_remove_void_call,halide_blur.halide_generated.cpp,3503,2,generator_specific,0,0,0.493
blur,cxx_default_on_emitted_cpp,cxx_remove_void_call,halide_blur.halide_generated.cpp,3544,2,generator_specific,0,0,0.489
blur,cxx_default_on_emitted_cpp,cxx_remove_void_call,halide_blur.halide_generated.cpp,3547,2,generator_specific,0,0,0.494
blur,cxx_default_on_emitted_cpp,cxx_remove_void_call,halide_blur.halide_generated.cpp,3550,2,generator_specific,0,0,0.495
blur,cxx_default_on_emitted_cpp,cxx_remove_void_call,halide_blur.halide_generated.cpp,3574,4,generator_specific,0,0,0.451
blur,cxx_default_on_emitted_cpp,cxx_remove_void_call,halide_blur.halide_generated.cpp,3795,2,generator_specific,0,0,0.468
blur,cxx_default_on_emitted_cpp,cxx_remove_void_call,halide_blur.halide_generated.cpp,3814,2,generator_specific,0,0,0.496
blur,cxx_default_on_emitted_cpp,cxx_remove_void_call,halide_blur.halide_generated.cpp,3826,2,generator_specific,0,0,0.502
blur,cxx_default_on_emitted_cpp,cxx_remove_void_call,halide_blur.halide_generated.cpp,3882,3,generator_specific,0,0,0.460
blur,cxx_default_on_emitted_cpp,cxx_remove_void_call,halide_blur.halide_generated.cpp,3904,3,generator_specific,0,0,0.459
blur,cxx_default_on_emitted_cpp,cxx_remove_void_call,halide_blur.halide_generated.cpp,4193,3,generator_specific,0,0,0.455
blur,cxx_default_on_emitted_cpp,cxx_replace_scalar_call,halide_blur.halide_generated.cpp,1830,16,boilerplate,0,0,0.452
blur,cxx_default_on_emitted_cpp,cxx_replace_scalar_call,halide_blur.halide_generated.cpp,2493,17,boilerplate,0,0,0.480
blur,cxx_default_on_emitted_cpp,cxx_replace_scalar_call,halide_blur.halide_generated.cpp,2508,22,boilerplate,134,1,1.539
blur,cxx_default_on_emitted_cpp,cxx_replace_scalar_call,halide_blur.halide_generated.cpp,3568,16,generator_specific,134,1,1.570
blur,cxx_default_on_emitted_cpp,cxx_replace_scalar_call,halide_blur.halide_generated.cpp,3581,18,generator_specific,0,0,0.450
blur,cxx_default_on_emitted_cpp,cxx_replace_scalar_call,halide_blur.halide_generated.cpp,3801,18,generator_specific,0,0,0.473
blur,cxx_default_on_emitted_cpp,cxx_replace_scalar_call,halide_blur.halide_generated.cpp,3809,18,generator_specific,0,0,0.447
blur,cxx_default_on_emitted_cpp,cxx_replace_scalar_call,halide_blur.halide_generated.cpp,3815,18,generator_specific,134,1,1.578
blur,cxx_default_on_emitted_cpp,cxx_replace_scalar_call,halide_blur.halide_generated.cpp,3816,14,generator_specific,0,0,0.482
blur,cxx_default_on_emitted_cpp,cxx_replace_scalar_call,halide_blur.halide_generated.cpp,3817,17,generator_specific,134,1,1.509
blur,cxx_default_on_emitted_cpp,cxx_replace_scalar_call,halide_blur.halide_generated.cpp,3818,17,generator_specific,134,1,1.539
blur,cxx_default_on_emitted_cpp,cxx_replace_scalar_call,halide_blur.halide_generated.cpp,3819,17,generator_specific,134,1,1.555
blur,cxx_default_on_emitted_cpp,cxx_replace_scalar_call,halide_blur.halide_generated.cpp,3820,17,generator_specific,134,1,1.510
blur,cxx_default_on_emitted_cpp,cxx_replace_scalar_call,halide_blur.halide_generated.cpp,3821,17,generator_specific,134,1,1.536
blur,cxx_default_on_emitted_cpp,cxx_replace_scalar_call,halide_blur.halide_generated.cpp,3822,17,generator_specific,134,1,1.550
blur,cxx_default_on_emitted_cpp,cxx_replace_scalar_call,halide_blur.halide_generated.cpp,3823,17,generator_specific,134,1,1.566
blur,cxx_default_on_emitted_cpp,cxx_replace_scalar_call,halide_blur.halide_generated.cpp,3827,18,generator_specific,134,1,1.552
blur,cxx_default_on_emitted_cpp,cxx_replace_scalar_call,halide_blur.halide_generated.cpp,3828,14,generator_specific,0,0,0.443
blur,cxx_default_on_emitted_cpp,cxx_replace_scalar_call,halide_blur.halide_generated.cpp,3829,17,generator_specific,134,1,1.524
blur,cxx_default_on_emitted_cpp,cxx_replace_scalar_call,halide_blur.halide_generated.cpp,3830,17,generator_specific,134,1,1.525
blur,cxx_default_on_emitted_cpp,cxx_replace_scalar_call,halide_blur.halide_generated.cpp,3831,17,generator_specific,134,1,1.561
blur,cxx_default_on_emitted_cpp,cxx_replace_scalar_call,halide_blur.halide_generated.cpp,3832,17,generator_specific,134,1,1.494
blur,cxx_default_on_emitted_cpp,cxx_replace_scalar_call,halide_blur.halide_generated.cpp,3833,17,generator_specific,134,1,1.499
blur,cxx_default_on_emitted_cpp,cxx_replace_scalar_call,halide_blur.halide_generated.cpp,3834,17,generator_specific,134,1,1.518
blur,cxx_default_on_emitted_cpp,cxx_replace_scalar_call,halide_blur.halide_generated.cpp,3835,17,generator_specific,134,1,1.580
blur,cxx_default_on_emitted_cpp,cxx_replace_scalar_call,halide_blur.halide_generated.cpp,3842,17,generator_specific,0,0,0.481
blur,cxx_default_on_emitted_cpp,cxx_replace_scalar_call,halide_blur.halide_generated.cpp,3843,17,generator_specific,0,0,0.491
blur,cxx_default_on_emitted_cpp,cxx_replace_scalar_call,halide_blur.halide_generated.cpp,3845,17,generator_specific,0,0,0.466
blur,cxx_default_on_emitted_cpp,cxx_replace_scalar_call,halide_blur.halide_generated.cpp,3850,17,generator_specific,0,0,0.472
blur,cxx_default_on_emitted_cpp,cxx_replace_scalar_call,halide_blur.halide_generated.cpp,3852,17,generator_specific,0,0,0.443
blur,cxx_default_on_emitted_cpp,cxx_replace_scalar_call,halide_blur.halide_generated.cpp,3853,17,generator_specific,0,0,0.514
blur,cxx_default_on_emitted_cpp,cxx_replace_scalar_call,halide_blur.halide_generated.cpp,3855,17,generator_specific,0,0,0.521
blur,cxx_default_on_emitted_cpp,cxx_replace_scalar_call,halide_blur.halide_generated.cpp,3856,17,generator_specific,0,0,0.448
blur,cxx_default_on_emitted_cpp,cxx_replace_scalar_call,halide_blur.halide_generated.cpp,3859,17,generator_specific,0,0,0.470
blur,cxx_default_on_emitted_cpp,cxx_replace_scalar_call,halide_blur.halide_generated.cpp,3861,14,generator_specific,0,0,0.450
blur,cxx_default_on_emitted_cpp,cxx_replace_scalar_call,halide_blur.halide_generated.cpp,3864,18,generator_specific,0,0,0.487
blur,cxx_default_on_emitted_cpp,cxx_replace_scalar_call,halide_blur.halide_generated.cpp,3869,18,generator_specific,0,0,0.495
blur,cxx_default_on_emitted_cpp,cxx_replace_scalar_call,halide_blur.halide_generated.cpp,3872,18,generator_specific,0,0,0.514
blur,cxx_default_on_emitted_cpp,cxx_replace_scalar_call,halide_blur.halide_generated.cpp,3875,18,generator_specific,0,0,0.445
blur,cxx_default_on_emitted_cpp,cxx_replace_scalar_call,halide_blur.halide_generated.cpp,3884,14,generator_specific,0,0,0.491
blur,cxx_default_on_emitted_cpp,cxx_replace_scalar_call,halide_blur.halide_generated.cpp,3893,18,generator_specific,0,0,0.515
blur,cxx_default_on_emitted_cpp,cxx_replace_scalar_call,halide_blur.halide_generated.cpp,3896,18,generator_specific,0,0,0.448
blur,cxx_default_on_emitted_cpp,cxx_replace_scalar_call,halide_blur.halide_generated.cpp,3906,14,generator_specific,0,0,0.469
blur,cxx_default_on_emitted_cpp,cxx_replace_scalar_call,halide_blur.halide_generated.cpp,3907,14,generator_specific,0,0,0.492
blur,cxx_default_on_emitted_cpp,cxx_replace_scalar_call,halide_blur.halide_generated.cpp,3917,19,generator_specific,0,0,0.497
blur,cxx_default_on_emitted_cpp,cxx_replace_scalar_call,halide_blur.halide_generated.cpp,3923,19,generator_specific,0,0,0.524
blur,cxx_default_on_emitted_cpp,cxx_replace_scalar_call,halide_blur.halide_generated.cpp,3931,19,generator_specific,0,0,0.528
blur,cxx_default_on_emitted_cpp,cxx_replace_scalar_call,halide_blur.halide_generated.cpp,3937,19,generator_specific,0,0,0.490
blur,cxx_default_on_emitted_cpp,cxx_replace_scalar_call,halide_blur.halide_generated.cpp,3944,19,generator_specific,0,0,0.446
blur,cxx_default_on_emitted_cpp,cxx_replace_scalar_call,halide_blur.halide_generated.cpp,3948,19,generator_specific,0,0,0.495
blur,cxx_default_on_emitted_cpp,cxx_replace_scalar_call,halide_blur.halide_generated.cpp,3955,19,generator_specific,0,0,0.449
blur,cxx_default_on_emitted_cpp,cxx_replace_scalar_call,halide_blur.halide_generated.cpp,3959,19,generator_specific,0,0,0.454
blur,cxx_default_on_emitted_cpp,cxx_replace_scalar_call,halide_blur.halide_generated.cpp,3975,19,generator_specific,0,0,0.472
blur,cxx_default_on_emitted_cpp,cxx_replace_scalar_call,halide_blur.halide_generated.cpp,3981,19,generator_specific,0,0,0.478
blur,cxx_default_on_emitted_cpp,cxx_replace_scalar_call,halide_blur.halide_generated.cpp,3996,19,generator_specific,0,0,0.451
blur,cxx_default_on_emitted_cpp,cxx_replace_scalar_call,halide_blur.halide_generated.cpp,4002,19,generator_specific,0,0,0.451
blur,cxx_default_on_emitted_cpp,cxx_replace_scalar_call,halide_blur.halide_generated.cpp,4008,19,generator_specific,0,0,0.472
blur,cxx_default_on_emitted_cpp,cxx_replace_scalar_call,halide_blur.halide_generated.cpp,4014,19,generator_specific,0,0,0.452
blur,cxx_default_on_emitted_cpp,cxx_replace_scalar_call,halide_blur.halide_generated.cpp,4030,19,generator_specific,0,0,0.463
blur,cxx_default_on_emitted_cpp,cxx_replace_scalar_call,halide_blur.halide_generated.cpp,4056,19,generator_specific,0,0,0.494
blur,cxx_default_on_emitted_cpp,cxx_replace_scalar_call,halide_blur.halide_generated.cpp,4064,19,generator_specific,0,0,0.445
blur,cxx_default_on_emitted_cpp,cxx_replace_scalar_call,halide_blur.halide_generated.cpp,4074,19,generator_specific,0,0,0.493
blur,cxx_default_on_emitted_cpp,cxx_replace_scalar_call,halide_blur.halide_generated.cpp,4100,19,generator_specific,0,0,0.452
blur,cxx_default_on_emitted_cpp,cxx_replace_scalar_call,halide_blur.halide_generated.cpp,4108,19,generator_specific,0,0,0.467
blur,cxx_default_on_emitted_cpp,cxx_replace_scalar_call,halide_blur.halide_generated.cpp,4114,19,generator_specific,0,0,0.527
blur,cxx_default_on_emitted_cpp,cxx_replace_scalar_call,halide_blur.halide_generated.cpp,4120,19,generator_specific,0,0,0.450
blur,cxx_default_on_emitted_cpp,cxx_replace_scalar_call,halide_blur.halide_generated.cpp,4127,19,generator_specific,0,0,0.476
blur,cxx_default_on_emitted_cpp,cxx_replace_scalar_call,halide_blur.halide_generated.cpp,4134,19,generator_specific,0,0,0.451
blur,cxx_default_on_emitted_cpp,cxx_replace_scalar_call,halide_blur.halide_generated.cpp,4144,18,generator_specific,0,0,0.513
blur,cxx_default_on_emitted_cpp,cxx_replace_scalar_call,halide_blur.halide_generated.cpp,4195,18,generator_specific,134,1,1.502
blur,cxx_default_on_emitted_cpp,cxx_replace_scalar_call,halide_blur.halide_generated.cpp,4207,9,wrapper_metadata,0,0,0.471
blur,cxx_default_on_emitted_cpp,cxx_sub_to_add,halide_blur.halide_generated.cpp,3597,22,generator_specific,0,0,0.444
blur,cxx_default_on_emitted_cpp,cxx_sub_to_add,halide_blur.halide_generated.cpp,3630,21,generator_specific,0,0,0.454
blur,cxx_default_on_emitted_cpp,cxx_sub_to_add,halide_blur.halide_generated.cpp,3631,19,generator_specific,0,0,0.495
blur,cxx_default_on_emitted_cpp,cxx_sub_to_add,halide_blur.halide_generated.cpp,3744,25,generator_specific,0,0,0.450
blur,cxx_default_on_emitted_cpp,cxx_sub_to_add,halide_blur.halide_generated.cpp,3745,25,generator_specific,0,0,0.452
blur,cxx_default_on_emitted_cpp,cxx_sub_to_add,halide_blur.halide_generated.cpp,3860,22,generator_specific,0,0,0.454
blur,cxx_default_on_emitted_cpp,cxx_sub_to_add,halide_blur.halide_generated.cpp,4037,23,generator_specific,0,0,0.458
blur,cxx_default_on_emitted_cpp,cxx_sub_to_add,halide_blur.halide_generated.cpp,4050,24,generator_specific,0,0,0.458
blur,cxx_default_on_emitted_cpp,cxx_sub_to_add,halide_blur.halide_generated.cpp,4081,23,generator_specific,0,0,0.527
blur,cxx_default_on_emitted_cpp,cxx_sub_to_add,halide_blur.halide_generated.cpp,4094,24,generator_specific,0,0,0.456
blur,cxx_default_on_emitted_cpp,cxx_sub_to_add,halide_blur.halide_generated.cpp,4150,20,generator_specific,0,0,0.450
blur,cxx_default_on_emitted_cpp,cxx_sub_to_add,halide_blur.halide_generated.cpp,4153,23,generator_specific,0,0,0.495
