app,arm,mull_commit,slice_index,slice_count,mutator,file,line,column,region,exit_code,test1_demo,test2_golden,test2_written,test3_perf,killed_by,timed_out,wall_seconds,mutant_key
lens_blur,cxx_default_on_emitted_cpp,5eb72c8d,10,16,cxx_gt_to_le,lens_blur.halide_generated.cpp,13098,22,generator_specific,-6,1,1,,,test1_demo;test2_golden,0,0.013,cxx_gt_to_le:/mnt/scratch1/ardi/dsl_mut/HM-armc/mutation/lowered-cpp/lens_blur/lens_blur.halide_generated.cpp:13098:22
lens_blur,cxx_default_on_emitted_cpp,5eb72c8d,10,16,cxx_add_to_sub,lens_blur.halide_generated.cpp,5351,26,generator_specific,-11,1,1,,,test1_demo;test2_golden,0,0.289,cxx_add_to_sub:/mnt/scratch1/ardi/dsl_mut/HM-armc/mutation/lowered-cpp/lens_blur/lens_blur.halide_generated.cpp:5351:26
lens_blur,cxx_default_on_emitted_cpp,5eb72c8d,10,16,cxx_mul_to_div,lens_blur.halide_generated.cpp,9748,35,generator_specific,-6,1,1,,,test1_demo;test2_golden,0,0.258,cxx_mul_to_div:/mnt/scratch1/ardi/dsl_mut/HM-armc/mutation/lowered-cpp/lens_blur/lens_blur.halide_generated.cpp:9748:35
lens_blur,cxx_default_on_emitted_cpp,5eb72c8d,10,16,cxx_add_to_sub,lens_blur.halide_generated.cpp,9462,36,generator_specific,-6,1,1,,,test1_demo;test2_golden,0,0.318,cxx_add_to_sub:/mnt/scratch1/ardi/dsl_mut/HM-armc/mutation/lowered-cpp/lens_blur/lens_blur.halide_generated.cpp:9462:36
lens_blur,cxx_default_on_emitted_cpp,5eb72c8d,10,16,cxx_add_to_sub,lens_blur.halide_generated.cpp,5592,25,generator_specific,-11,1,1,,,test1_demo;test2_golden,0,0.346,cxx_add_to_sub:/mnt/scratch1/ardi/dsl_mut/HM-armc/mutation/lowered-cpp/lens_blur/lens_blur.halide_generated.cpp:5592:25
lens_blur,cxx_default_on_emitted_cpp,5eb72c8d,10,16,cxx_gt_to_le,lens_blur.halide_generated.cpp,14410,18,generator_specific,-6,1,1,,,test1_demo;test2_golden,0,0.424,cxx_gt_to_le:/mnt/scratch1/ardi/dsl_mut/HM-armc/mutation/lowered-cpp/lens_blur/lens_blur.halide_generated.cpp:14410:18
lens_blur,cxx_default_on_emitted_cpp,5eb72c8d,10,16,cxx_add_to_sub,lens_blur.halide_generated.cpp,13486,26,generator_specific,-11,1,1,,,test1_demo;test2_golden,0,1.008,cxx_add_to_sub:/mnt/scratch1/ardi/dsl_mut/HM-armc/mutation/lowered-cpp/lens_blur/lens_blur.halide_generated.cpp:13486:26
lens_blur,cxx_default_on_emitted_cpp,5eb72c8d,10,16,cxx_add_to_sub,lens_blur.halide_generated.cpp,14105,27,generator_specific,-6,1,1,,,test1_demo;test2_golden,0,1.401,cxx_add_to_sub:/mnt/scratch1/ardi/dsl_mut/HM-armc/mutation/lowered-cpp/lens_blur/lens_blur.halide_generated.cpp:14105:27
lens_blur,cxx_default_on_emitted_cpp,5eb72c8d,10,16,cxx_eq_to_ne,lens_blur.halide_generated.cpp,14043,24,generator_specific,0,0,1,,,test2_golden,0,4.500,cxx_eq_to_ne:/mnt/scratch1/ardi/dsl_mut/HM-armc/mutation/lowered-cpp/lens_blur/lens_blur.halide_generated.cpp:14043:24
lens_blur,cxx_default_on_emitted_cpp,5eb72c8d,10,16,cxx_add_to_sub,lens_blur.halide_generated.cpp,7379,31,generator_specific,0,0,0,,,,0,16.888,cxx_add_to_sub:/mnt/scratch1/ardi/dsl_mut/HM-armc/mutation/lowered-cpp/lens_blur/lens_blur.halide_generated.cpp:7379:31
lens_blur,cxx_default_on_emitted_cpp,5eb72c8d,10,16,cxx_mul_to_div,lens_blur.halide_generated.cpp,5472,26,generator_specific,0,0,0,,,,0,16.973,cxx_mul_to_div:/mnt/scratch1/ardi/dsl_mut/HM-armc/mutation/lowered-cpp/lens_blur/lens_blur.halide_generated.cpp:5472:26
lens_blur,cxx_default_on_emitted_cpp,5eb72c8d,10,16,cxx_sub_to_add,lens_blur.halide_generated.cpp,6733,27,generator_specific,0,0,0,,,,0,17.015,cxx_sub_to_add:/mnt/scratch1/ardi/dsl_mut/HM-armc/mutation/lowered-cpp/lens_blur/lens_blur.halide_generated.cpp:6733:27
lens_blur,cxx_default_on_emitted_cpp,5eb72c8d,10,16,cxx_add_to_sub,lens_blur.halide_generated.cpp,11215,39,generator_specific,0,0,0,,,,0,16.725,cxx_add_to_sub:/mnt/scratch1/ardi/dsl_mut/HM-armc/mutation/lowered-cpp/lens_blur/lens_blur.halide_generated.cpp:11215:39
lens_blur,cxx_default_on_emitted_cpp,5eb72c8d,10,16,cxx_add_to_sub,lens_blur.halide_generated.cpp,7516,30,generator_specific,0,0,0,,,,0,17.057,cxx_add_to_sub:/mnt/scratch1/ardi/dsl_mut/HM-armc/mutation/lowered-cpp/lens_blur/lens_blur.halide_generated.cpp:7516:30
lens_blur,cxx_default_on_emitted_cpp,5eb72c8d,10,16,cxx_add_to_sub,lens_blur.halide_generated.cpp,10141,34,generator_specific,0,0,1,,,test2_golden,0,17.065,cxx_add_to_sub:/mnt/scratch1/ardi/dsl_mut/HM-armc/mutation/lowered-cpp/lens_blur/lens_blur.halide_generated.cpp:10141:34
lens_blur,cxx_default_on_emitted_cpp,5eb72c8d,10,16,cxx_replace_scalar_call,lens_blur.halide_generated.cpp,12991,20,generator_specific,0,0,0,,,,0,17.060,cxx_replace_scalar_call:/mnt/scratch1/ardi/dsl_mut/HM-armc/mutation/lowered-cpp/lens_blur/lens_blur.halide_generated.cpp:12991:20
lens_blur,cxx_default_on_emitted_cpp,5eb72c8d,10,16,cxx_add_to_sub,lens_blur.halide_generated.cpp,8470,30,generator_specific,0,0,0,,,,0,17.107,cxx_add_to_sub:/mnt/scratch1/ardi/dsl_mut/HM-armc/mutation/lowered-cpp/lens_blur/lens_blur.halide_generated.cpp:8470:30
lens_blur,cxx_default_on_emitted_cpp,5eb72c8d,10,16,cxx_sub_to_add,lens_blur.halide_generated.cpp,9842,36,generator_specific,0,0,0,,,,0,17.127,cxx_sub_to_add:/mnt/scratch1/ardi/dsl_mut/HM-armc/mutation/lowered-cpp/lens_blur/lens_blur.halide_generated.cpp:9842:36
lens_blur,cxx_default_on_emitted_cpp,5eb72c8d,10,16,cxx_add_to_sub,lens_blur.halide_generated.cpp,9513,35,generator_specific,0,0,0,,,,0,17.094,cxx_add_to_sub:/mnt/scratch1/ardi/dsl_mut/HM-armc/mutation/lowered-cpp/lens_blur/lens_blur.halide_generated.cpp:9513:35
lens_blur,cxx_default_on_emitted_cpp,5eb72c8d,10,16,cxx_mul_to_div,lens_blur.halide_generated.cpp,11232,38,generator_specific,0,0,0,,,,0,17.129,cxx_mul_to_div:/mnt/scratch1/ardi/dsl_mut/HM-armc/mutation/lowered-cpp/lens_blur/lens_blur.halide_generated.cpp:11232:38
lens_blur,cxx_default_on_emitted_cpp,5eb72c8d,10,16,cxx_add_to_sub,lens_blur.halide_generated.cpp,4539,30,generator_specific,0,0,0,,,,0,17.122,cxx_add_to_sub:/mnt/scratch1/ardi/dsl_mut/HM-armc/mutation/lowered-cpp/lens_blur/lens_blur.halide_generated.cpp:4539:30
lens_blur,cxx_default_on_emitted_cpp,5eb72c8d,10,16,cxx_sub_to_add,lens_blur.halide_generated.cpp,14527,29,generator_specific,0,0,1,,,test2_golden,0,17.142,cxx_sub_to_add:/mnt/scratch1/ardi/dsl_mut/HM-armc/mutation/lowered-cpp/lens_blur/lens_blur.halide_generated.cpp:14527:29
lens_blur,cxx_default_on_emitted_cpp,5eb72c8d,10,16,cxx_add_to_sub,lens_blur.halide_generated.cpp,9861,37,generator_specific,0,0,0,,,,0,17.123,cxx_add_to_sub:/mnt/scratch1/ardi/dsl_mut/HM-armc/mutation/lowered-cpp/lens_blur/lens_blur.halide_generated.cpp:9861:37
lens_blur,cxx_default_on_emitted_cpp,5eb72c8d,10,16,cxx_add_to_sub,lens_blur.halide_generated.cpp,6665,29,generator_specific,0,0,0,,,,0,17.137,cxx_add_to_sub:/mnt/scratch1/ardi/dsl_mut/HM-armc/mutation/lowered-cpp/lens_blur/lens_blur.halide_generated.cpp:6665:29
lens_blur,cxx_default_on_emitted_cpp,5eb72c8d,10,16,cxx_sub_to_add,lens_blur.halide_generated.cpp,8698,32,generator_specific,0,0,0,,,,0,17.165,cxx_sub_to_add:/mnt/scratch1/ardi/dsl_mut/HM-armc/mutation/lowered-cpp/lens_blur/lens_blur.halide_generated.cpp:8698:32
lens_blur,cxx_default_on_emitted_cpp,5eb72c8d,10,16,cxx_add_to_sub,lens_blur.halide_generated.cpp,11252,38,generator_specific,0,0,0,,,,0,17.175,cxx_add_to_sub:/mnt/scratch1/ardi/dsl_mut/HM-armc/mutation/lowered-cpp/lens_blur/lens_blur.halide_generated.cpp:11252:38
lens_blur,cxx_default_on_emitted_cpp,5eb72c8d,10,16,cxx_add_to_sub,lens_blur.halide_generated.cpp,14399,28,generator_specific,0,0,0,,,,0,17.189,cxx_add_to_sub:/mnt/scratch1/ardi/dsl_mut/HM-armc/mutation/lowered-cpp/lens_blur/lens_blur.halide_generated.cpp:14399:28
lens_blur,cxx_default_on_emitted_cpp,5eb72c8d,10,16,cxx_mul_to_div,lens_blur.halide_generated.cpp,6787,28,generator_specific,0,0,0,,,,0,17.150,cxx_mul_to_div:/mnt/scratch1/ardi/dsl_mut/HM-armc/mutation/lowered-cpp/lens_blur/lens_blur.halide_generated.cpp:6787:28
lens_blur,cxx_default_on_emitted_cpp,5eb72c8d,10,16,cxx_add_to_sub,lens_blur.halide_generated.cpp,14179,28,generator_specific,0,0,0,,,,0,17.151,cxx_add_to_sub:/mnt/scratch1/ardi/dsl_mut/HM-armc/mutation/lowered-cpp/lens_blur/lens_blur.halide_generated.cpp:14179:28
lens_blur,cxx_default_on_emitted_cpp,5eb72c8d,10,16,cxx_add_to_sub,lens_blur.halide_generated.cpp,6988,29,generator_specific,0,0,0,,,,0,17.166,cxx_add_to_sub:/mnt/scratch1/ardi/dsl_mut/HM-armc/mutation/lowered-cpp/lens_blur/lens_blur.halide_generated.cpp:6988:29
lens_blur,cxx_default_on_emitted_cpp,5eb72c8d,10,16,cxx_sub_to_add,lens_blur.halide_generated.cpp,10674,37,generator_specific,0,0,0,,,,0,17.182,cxx_sub_to_add:/mnt/scratch1/ardi/dsl_mut/HM-armc/mutation/lowered-cpp/lens_blur/lens_blur.halide_generated.cpp:10674:37
lens_blur,cxx_default_on_emitted_cpp,5eb72c8d,10,16,cxx_add_to_sub,lens_blur.halide_generated.cpp,9116,58,generator_specific,0,0,0,,,,0,17.190,cxx_add_to_sub:/mnt/scratch1/ardi/dsl_mut/HM-armc/mutation/lowered-cpp/lens_blur/lens_blur.halide_generated.cpp:9116:58
lens_blur,cxx_default_on_emitted_cpp,5eb72c8d,10,16,cxx_add_to_sub,lens_blur.halide_generated.cpp,10186,35,generator_specific,0,0,0,,,,0,17.245,cxx_add_to_sub:/mnt/scratch1/ardi/dsl_mut/HM-armc/mutation/lowered-cpp/lens_blur/lens_blur.halide_generated.cpp:10186:35
lens_blur,cxx_default_on_emitted_cpp,5eb72c8d,10,16,cxx_replace_scalar_call,lens_blur.halide_generated.cpp,12779,19,generator_specific,0,0,0,,,,0,17.242,cxx_replace_scalar_call:/mnt/scratch1/ardi/dsl_mut/HM-armc/mutation/lowered-cpp/lens_blur/lens_blur.halide_generated.cpp:12779:19
lens_blur,cxx_default_on_emitted_cpp,5eb72c8d,10,16,cxx_gt_to_ge,lens_blur.halide_generated.cpp,4689,27,generator_specific,0,0,0,,,,0,17.213,cxx_gt_to_ge:/mnt/scratch1/ardi/dsl_mut/HM-armc/mutation/lowered-cpp/lens_blur/lens_blur.halide_generated.cpp:4689:27
lens_blur,cxx_default_on_emitted_cpp,5eb72c8d,10,16,cxx_mul_to_div,lens_blur.halide_generated.cpp,8294,32,generator_specific,0,0,0,,,,0,17.228,cxx_mul_to_div:/mnt/scratch1/ardi/dsl_mut/HM-armc/mutation/lowered-cpp/lens_blur/lens_blur.halide_generated.cpp:8294:32
lens_blur,cxx_default_on_emitted_cpp,5eb72c8d,10,16,cxx_sub_to_add,lens_blur.halide_generated.cpp,3846,23,generator_specific,-11,1,1,,,test1_demo;test2_golden,0,0.028,cxx_sub_to_add:/mnt/scratch1/ardi/dsl_mut/HM-armc/mutation/lowered-cpp/lens_blur/lens_blur.halide_generated.cpp:3846:23
lens_blur,cxx_default_on_emitted_cpp,5eb72c8d,10,16,cxx_replace_scalar_call,lens_blur.halide_generated.cpp,12475,18,generator_specific,0,0,0,,,,0,17.283,cxx_replace_scalar_call:/mnt/scratch1/ardi/dsl_mut/HM-armc/mutation/lowered-cpp/lens_blur/lens_blur.halide_generated.cpp:12475:18
lens_blur,cxx_default_on_emitted_cpp,5eb72c8d,10,16,cxx_replace_scalar_call,lens_blur.halide_generated.cpp,12611,18,generator_specific,0,0,0,,,,0,17.274,cxx_replace_scalar_call:/mnt/scratch1/ardi/dsl_mut/HM-armc/mutation/lowered-cpp/lens_blur/lens_blur.halide_generated.cpp:12611:18
lens_blur,cxx_default_on_emitted_cpp,5eb72c8d,10,16,cxx_add_to_sub,lens_blur.halide_generated.cpp,6894,30,generator_specific,0,0,0,,,,0,17.309,cxx_add_to_sub:/mnt/scratch1/ardi/dsl_mut/HM-armc/mutation/lowered-cpp/lens_blur/lens_blur.halide_generated.cpp:6894:30
lens_blur,cxx_default_on_emitted_cpp,5eb72c8d,10,16,cxx_mul_to_div,lens_blur.halide_generated.cpp,11999,54,generator_specific,0,0,0,,,,0,17.307,cxx_mul_to_div:/mnt/scratch1/ardi/dsl_mut/HM-armc/mutation/lowered-cpp/lens_blur/lens_blur.halide_generated.cpp:11999:54
lens_blur,cxx_default_on_emitted_cpp,5eb72c8d,10,16,cxx_add_to_sub,lens_blur.halide_generated.cpp,6999,30,generator_specific,0,0,0,,,,0,17.318,cxx_add_to_sub:/mnt/scratch1/ardi/dsl_mut/HM-armc/mutation/lowered-cpp/lens_blur/lens_blur.halide_generated.cpp:6999:30
lens_blur,cxx_default_on_emitted_cpp,5eb72c8d,10,16,cxx_gt_to_le,lens_blur.halide_generated.cpp,7245,30,generator_specific,0,0,0,,,,0,17.323,cxx_gt_to_le:/mnt/scratch1/ardi/dsl_mut/HM-armc/mutation/lowered-cpp/lens_blur/lens_blur.halide_generated.cpp:7245:30
lens_blur,cxx_default_on_emitted_cpp,5eb72c8d,10,16,cxx_sub_to_add,lens_blur.halide_generated.cpp,4488,26,generator_specific,0,0,0,,,,0,17.346,cxx_sub_to_add:/mnt/scratch1/ardi/dsl_mut/HM-armc/mutation/lowered-cpp/lens_blur/lens_blur.halide_generated.cpp:4488:26
lens_blur,cxx_default_on_emitted_cpp,5eb72c8d,10,16,cxx_post_inc_to_post_dec,lens_blur.halide_generated.cpp,6580,107,generator_specific,-11,1,1,,,test1_demo;test2_golden,0,0.292,cxx_post_inc_to_post_dec:/mnt/scratch1/ardi/dsl_mut/HM-armc/mutation/lowered-cpp/lens_blur/lens_blur.halide_generated.cpp:6580:107
lens_blur,cxx_default_on_emitted_cpp,5eb72c8d,10,16,cxx_add_to_sub,lens_blur.halide_generated.cpp,7329,30,generator_specific,0,0,0,,,,0,17.082,cxx_add_to_sub:/mnt/scratch1/ardi/dsl_mut/HM-armc/mutation/lowered-cpp/lens_blur/lens_blur.halide_generated.cpp:7329:30
lens_blur,cxx_default_on_emitted_cpp,5eb72c8d,10,16,cxx_add_to_sub,lens_blur.halide_generated.cpp,4465,25,generator_specific,0,0,0,,,,0,17.387,cxx_add_to_sub:/mnt/scratch1/ardi/dsl_mut/HM-armc/mutation/lowered-cpp/lens_blur/lens_blur.halide_generated.cpp:4465:25
lens_blur,cxx_default_on_emitted_cpp,5eb72c8d,10,16,cxx_add_to_sub,lens_blur.halide_generated.cpp,6312,28,generator_specific,0,0,0,,,,0,17.420,cxx_add_to_sub:/mnt/scratch1/ardi/dsl_mut/HM-armc/mutation/lowered-cpp/lens_blur/lens_blur.halide_generated.cpp:6312:28
lens_blur,cxx_default_on_emitted_cpp,5eb72c8d,10,16,cxx_mul_to_div,lens_blur.halide_generated.cpp,6439,28,generator_specific,0,0,0,,,,0,17.407,cxx_mul_to_div:/mnt/scratch1/ardi/dsl_mut/HM-armc/mutation/lowered-cpp/lens_blur/lens_blur.halide_generated.cpp:6439:28
lens_blur,cxx_default_on_emitted_cpp,5eb72c8d,10,16,cxx_add_to_sub,lens_blur.halide_generated.cpp,11755,29,generator_specific,0,0,0,,,,0,17.448,cxx_add_to_sub:/mnt/scratch1/ardi/dsl_mut/HM-armc/mutation/lowered-cpp/lens_blur/lens_blur.halide_generated.cpp:11755:29
lens_blur,cxx_default_on_emitted_cpp,5eb72c8d,10,16,cxx_add_to_sub,lens_blur.halide_generated.cpp,8014,32,generator_specific,-11,1,1,,,test1_demo;test2_golden,0,0.289,cxx_add_to_sub:/mnt/scratch1/ardi/dsl_mut/HM-armc/mutation/lowered-cpp/lens_blur/lens_blur.halide_generated.cpp:8014:32
lens_blur,cxx_default_on_emitted_cpp,5eb72c8d,10,16,cxx_add_to_sub,lens_blur.halide_generated.cpp,3685,22,generator_specific,0,0,1,,,test2_golden,0,17.451,cxx_add_to_sub:/mnt/scratch1/ardi/dsl_mut/HM-armc/mutation/lowered-cpp/lens_blur/lens_blur.halide_generated.cpp:3685:22
lens_blur,cxx_default_on_emitted_cpp,5eb72c8d,10,16,cxx_add_to_sub,lens_blur.halide_generated.cpp,5914,30,generator_specific,-11,1,1,,,test1_demo;test2_golden,0,0.256,cxx_add_to_sub:/mnt/scratch1/ardi/dsl_mut/HM-armc/mutation/lowered-cpp/lens_blur/lens_blur.halide_generated.cpp:5914:30
lens_blur,cxx_default_on_emitted_cpp,5eb72c8d,10,16,cxx_replace_scalar_call,lens_blur.halide_generated.cpp,12797,19,generator_specific,0,0,0,,,,0,17.135,cxx_replace_scalar_call:/mnt/scratch1/ardi/dsl_mut/HM-armc/mutation/lowered-cpp/lens_blur/lens_blur.halide_generated.cpp:12797:19
lens_blur,cxx_default_on_emitted_cpp,5eb72c8d,10,16,cxx_add_to_sub,lens_blur.halide_generated.cpp,5725,25,generator_specific,0,0,0,,,,0,17.490,cxx_add_to_sub:/mnt/scratch1/ardi/dsl_mut/HM-armc/mutation/lowered-cpp/lens_blur/lens_blur.halide_generated.cpp:5725:25
lens_blur,cxx_default_on_emitted_cpp,5eb72c8d,10,16,cxx_mul_to_div,lens_blur.halide_generated.cpp,8933,34,generator_specific,0,0,0,,,,0,17.472,cxx_mul_to_div:/mnt/scratch1/ardi/dsl_mut/HM-armc/mutation/lowered-cpp/lens_blur/lens_blur.halide_generated.cpp:8933:34
lens_blur,cxx_default_on_emitted_cpp,5eb72c8d,10,16,cxx_mul_to_div,lens_blur.halide_generated.cpp,14115,28,generator_specific,-11,1,1,,,test1_demo;test2_golden,0,0.248,cxx_mul_to_div:/mnt/scratch1/ardi/dsl_mut/HM-armc/mutation/lowered-cpp/lens_blur/lens_blur.halide_generated.cpp:14115:28
lens_blur,cxx_default_on_emitted_cpp,5eb72c8d,10,16,cxx_add_to_sub,lens_blur.halide_generated.cpp,11273,39,generator_specific,0,0,0,,,,0,17.529,cxx_add_to_sub:/mnt/scratch1/ardi/dsl_mut/HM-armc/mutation/lowered-cpp/lens_blur/lens_blur.halide_generated.cpp:11273:39
lens_blur,cxx_default_on_emitted_cpp,5eb72c8d,10,16,cxx_lt_to_le,lens_blur.halide_generated.cpp,6792,80,generator_specific,0,0,0,,,,0,17.505,cxx_lt_to_le:/mnt/scratch1/ardi/dsl_mut/HM-armc/mutation/lowered-cpp/lens_blur/lens_blur.halide_generated.cpp:6792:80
lens_blur,cxx_default_on_emitted_cpp,5eb72c8d,10,16,cxx_mul_to_div,lens_blur.halide_generated.cpp,12588,24,generator_specific,0,0,0,,,,0,17.547,cxx_mul_to_div:/mnt/scratch1/ardi/dsl_mut/HM-armc/mutation/lowered-cpp/lens_blur/lens_blur.halide_generated.cpp:12588:24
lens_blur,cxx_default_on_emitted_cpp,5eb72c8d,10,16,cxx_add_to_sub,lens_blur.halide_generated.cpp,6186,30,generator_specific,-11,1,1,,,test1_demo;test2_golden,0,0.248,cxx_add_to_sub:/mnt/scratch1/ardi/dsl_mut/HM-armc/mutation/lowered-cpp/lens_blur/lens_blur.halide_generated.cpp:6186:30
lens_blur,cxx_default_on_emitted_cpp,5eb72c8d,10,16,cxx_add_to_sub,lens_blur.halide_generated.cpp,6526,29,generator_specific,0,0,0,,,,0,17.387,cxx_add_to_sub:/mnt/scratch1/ardi/dsl_mut/HM-armc/mutation/lowered-cpp/lens_blur/lens_blur.halide_generated.cpp:6526:29
lens_blur,cxx_default_on_emitted_cpp,5eb72c8d,10,16,cxx_mul_to_div,lens_blur.halide_generated.cpp,7186,28,generator_specific,0,0,0,,,,0,17.833,cxx_mul_to_div:/mnt/scratch1/ardi/dsl_mut/HM-armc/mutation/lowered-cpp/lens_blur/lens_blur.halide_generated.cpp:7186:28
lens_blur,cxx_default_on_emitted_cpp,5eb72c8d,10,16,cxx_add_to_sub,lens_blur.halide_generated.cpp,4709,26,generator_specific,0,0,1,,,test2_golden,0,17.276,cxx_add_to_sub:/mnt/scratch1/ardi/dsl_mut/HM-armc/mutation/lowered-cpp/lens_blur/lens_blur.halide_generated.cpp:4709:26
lens_blur,cxx_default_on_emitted_cpp,5eb72c8d,10,16,cxx_mul_to_div,lens_blur.halide_generated.cpp,12150,32,generator_specific,-8,1,1,,,test1_demo;test2_golden,0,0.656,cxx_mul_to_div:/mnt/scratch1/ardi/dsl_mut/HM-armc/mutation/lowered-cpp/lens_blur/lens_blur.halide_generated.cpp:12150:32
lens_blur,cxx_default_on_emitted_cpp,5eb72c8d,10,16,cxx_mul_to_div,lens_blur.halide_generated.cpp,11269,38,generator_specific,0,0,0,,,,0,18.067,cxx_mul_to_div:/mnt/scratch1/ardi/dsl_mut/HM-armc/mutation/lowered-cpp/lens_blur/lens_blur.halide_generated.cpp:11269:38
lens_blur,cxx_default_on_emitted_cpp,5eb72c8d,10,16,cxx_sub_to_add,lens_blur.halide_generated.cpp,6754,28,generator_specific,-6,1,1,,,test1_demo;test2_golden,0,0.244,cxx_sub_to_add:/mnt/scratch1/ardi/dsl_mut/HM-armc/mutation/lowered-cpp/lens_blur/lens_blur.halide_generated.cpp:6754:28
lens_blur,cxx_default_on_emitted_cpp,5eb72c8d,10,16,cxx_lt_to_ge,lens_blur.halide_generated.cpp,12056,50,generator_specific,0,0,1,,,test2_golden,0,19.131,cxx_lt_to_ge:/mnt/scratch1/ardi/dsl_mut/HM-armc/mutation/lowered-cpp/lens_blur/lens_blur.halide_generated.cpp:12056:50
lens_blur,cxx_default_on_emitted_cpp,5eb72c8d,10,16,cxx_le_to_lt,lens_blur.halide_generated.cpp,13242,22,generator_specific,0,0,0,,,,0,17.875,cxx_le_to_lt:/mnt/scratch1/ardi/dsl_mut/HM-armc/mutation/lowered-cpp/lens_blur/lens_blur.halide_generated.cpp:13242:22
lens_blur,cxx_default_on_emitted_cpp,5eb72c8d,10,16,cxx_add_to_sub,lens_blur.halide_generated.cpp,10020,36,generator_specific,0,0,0,,,,0,17.371,cxx_add_to_sub:/mnt/scratch1/ardi/dsl_mut/HM-armc/mutation/lowered-cpp/lens_blur/lens_blur.halide_generated.cpp:10020:36
lens_blur,cxx_default_on_emitted_cpp,5eb72c8d,10,16,cxx_lt_to_ge,lens_blur.halide_generated.cpp,12015,46,generator_specific,0,0,1,,,test2_golden,0,28.389,cxx_lt_to_ge:/mnt/scratch1/ardi/dsl_mut/HM-armc/mutation/lowered-cpp/lens_blur/lens_blur.halide_generated.cpp:12015:46
lens_blur,cxx_default_on_emitted_cpp,5eb72c8d,10,16,cxx_add_to_sub,lens_blur.halide_generated.cpp,11523,62,generator_specific,0,0,0,,,,0,16.215,cxx_add_to_sub:/mnt/scratch1/ardi/dsl_mut/HM-armc/mutation/lowered-cpp/lens_blur/lens_blur.halide_generated.cpp:11523:62
lens_blur,cxx_default_on_emitted_cpp,5eb72c8d,10,16,cxx_sub_to_add,lens_blur.halide_generated.cpp,6803,29,generator_specific,0,0,0,,,,0,16.907,cxx_sub_to_add:/mnt/scratch1/ardi/dsl_mut/HM-armc/mutation/lowered-cpp/lens_blur/lens_blur.halide_generated.cpp:6803:29
lens_blur,cxx_default_on_emitted_cpp,5eb72c8d,10,16,cxx_add_to_sub,lens_blur.halide_generated.cpp,6960,30,generator_specific,0,0,0,,,,0,16.896,cxx_add_to_sub:/mnt/scratch1/ardi/dsl_mut/HM-armc/mutation/lowered-cpp/lens_blur/lens_blur.halide_generated.cpp:6960:30
lens_blur,cxx_default_on_emitted_cpp,5eb72c8d,10,16,cxx_sub_to_add,lens_blur.halide_generated.cpp,12228,34,generator_specific,0,0,0,,,,0,16.964,cxx_sub_to_add:/mnt/scratch1/ardi/dsl_mut/HM-armc/mutation/lowered-cpp/lens_blur/lens_blur.halide_generated.cpp:12228:34
lens_blur,cxx_default_on_emitted_cpp,5eb72c8d,10,16,cxx_add_to_sub,lens_blur.halide_generated.cpp,4492,27,generator_specific,0,0,0,,,,0,17.162,cxx_add_to_sub:/mnt/scratch1/ardi/dsl_mut/HM-armc/mutation/lowered-cpp/lens_blur/lens_blur.halide_generated.cpp:4492:27
lens_blur,cxx_default_on_emitted_cpp,5eb72c8d,10,16,cxx_add_to_sub,lens_blur.halide_generated.cpp,10574,38,generator_specific,0,0,0,,,,0,17.189,cxx_add_to_sub:/mnt/scratch1/ardi/dsl_mut/HM-armc/mutation/lowered-cpp/lens_blur/lens_blur.halide_generated.cpp:10574:38
lens_blur,cxx_default_on_emitted_cpp,5eb72c8d,10,16,cxx_le_to_gt,lens_blur.halide_generated.cpp,13366,22,generator_specific,-6,1,1,,,test1_demo;test2_golden,0,0.012,cxx_le_to_gt:/mnt/scratch1/ardi/dsl_mut/HM-armc/mutation/lowered-cpp/lens_blur/lens_blur.halide_generated.cpp:13366:22
lens_blur,cxx_default_on_emitted_cpp,5eb72c8d,10,16,cxx_add_to_sub,lens_blur.halide_generated.cpp,3723,25,generator_specific,0,0,1,,,test2_golden,0,17.253,cxx_add_to_sub:/mnt/scratch1/ardi/dsl_mut/HM-armc/mutation/lowered-cpp/lens_blur/lens_blur.halide_generated.cpp:3723:25
lens_blur,cxx_default_on_emitted_cpp,5eb72c8d,10,16,cxx_sub_to_add,lens_blur.halide_generated.cpp,10385,38,generator_specific,0,0,0,,,,0,17.436,cxx_sub_to_add:/mnt/scratch1/ardi/dsl_mut/HM-armc/mutation/lowered-cpp/lens_blur/lens_blur.halide_generated.cpp:10385:38
lens_blur,cxx_default_on_emitted_cpp,5eb72c8d,10,16,cxx_remove_void_call,lens_blur.halide_generated.cpp,10793,17,generator_specific,0,0,0,,,,0,17.169,cxx_remove_void_call:/mnt/scratch1/ardi/dsl_mut/HM-armc/mutation/lowered-cpp/lens_blur/lens_blur.halide_generated.cpp:10793:17
lens_blur,cxx_default_on_emitted_cpp,5eb72c8d,10,16,cxx_add_to_sub,lens_blur.halide_generated.cpp,8774,31,generator_specific,0,0,0,,,,0,17.103,cxx_add_to_sub:/mnt/scratch1/ardi/dsl_mut/HM-armc/mutation/lowered-cpp/lens_blur/lens_blur.halide_generated.cpp:8774:31
lens_blur,cxx_default_on_emitted_cpp,5eb72c8d,10,16,cxx_add_to_sub,lens_blur.halide_generated.cpp,5200,23,generator_specific,0,0,0,,,,0,17.390,cxx_add_to_sub:/mnt/scratch1/ardi/dsl_mut/HM-armc/mutation/lowered-cpp/lens_blur/lens_blur.halide_generated.cpp:5200:23
lens_blur,cxx_default_on_emitted_cpp,5eb72c8d,10,16,cxx_add_to_sub,lens_blur.halide_generated.cpp,4457,24,generator_specific,0,0,1,,,test2_golden,0,17.321,cxx_add_to_sub:/mnt/scratch1/ardi/dsl_mut/HM-armc/mutation/lowered-cpp/lens_blur/lens_blur.halide_generated.cpp:4457:24
lens_blur,cxx_default_on_emitted_cpp,5eb72c8d,10,16,cxx_gt_to_ge,lens_blur.halide_generated.cpp,13155,23,generator_specific,0,0,0,,,,0,17.192,cxx_gt_to_ge:/mnt/scratch1/ardi/dsl_mut/HM-armc/mutation/lowered-cpp/lens_blur/lens_blur.halide_generated.cpp:13155:23
lens_blur,cxx_default_on_emitted_cpp,5eb72c8d,10,16,cxx_add_to_sub,lens_blur.halide_generated.cpp,8135,34,generator_specific,0,0,1,,,test2_golden,0,17.211,cxx_add_to_sub:/mnt/scratch1/ardi/dsl_mut/HM-armc/mutation/lowered-cpp/lens_blur/lens_blur.halide_generated.cpp:8135:34
lens_blur,cxx_default_on_emitted_cpp,5eb72c8d,10,16,cxx_mul_to_div,lens_blur.halide_generated.cpp,9506,35,generator_specific,0,0,0,,,,0,17.224,cxx_mul_to_div:/mnt/scratch1/ardi/dsl_mut/HM-armc/mutation/lowered-cpp/lens_blur/lens_blur.halide_generated.cpp:9506:35
lens_blur,cxx_default_on_emitted_cpp,5eb72c8d,10,16,cxx_mul_to_div,lens_blur.halide_generated.cpp,12492,24,generator_specific,0,0,0,,,,0,17.155,cxx_mul_to_div:/mnt/scratch1/ardi/dsl_mut/HM-armc/mutation/lowered-cpp/lens_blur/lens_blur.halide_generated.cpp:12492:24
lens_blur,cxx_default_on_emitted_cpp,5eb72c8d,10,16,cxx_mul_to_div,lens_blur.halide_generated.cpp,5102,22,generator_specific,0,0,0,,,,0,17.220,cxx_mul_to_div:/mnt/scratch1/ardi/dsl_mut/HM-armc/mutation/lowered-cpp/lens_blur/lens_blur.halide_generated.cpp:5102:22
lens_blur,cxx_default_on_emitted_cpp,5eb72c8d,10,16,cxx_gt_to_ge,lens_blur.halide_generated.cpp,4290,72,generator_specific,0,0,0,,,,0,17.452,cxx_gt_to_ge:/mnt/scratch1/ardi/dsl_mut/HM-armc/mutation/lowered-cpp/lens_blur/lens_blur.halide_generated.cpp:4290:72
lens_blur,cxx_default_on_emitted_cpp,5eb72c8d,10,16,cxx_add_to_sub,lens_blur.halide_generated.cpp,10417,38,generator_specific,0,0,0,,,,0,17.350,cxx_add_to_sub:/mnt/scratch1/ardi/dsl_mut/HM-armc/mutation/lowered-cpp/lens_blur/lens_blur.halide_generated.cpp:10417:38
lens_blur,cxx_default_on_emitted_cpp,5eb72c8d,10,16,cxx_add_to_sub,lens_blur.halide_generated.cpp,8280,35,generator_specific,0,0,0,,,,0,17.240,cxx_add_to_sub:/mnt/scratch1/ardi/dsl_mut/HM-armc/mutation/lowered-cpp/lens_blur/lens_blur.halide_generated.cpp:8280:35
lens_blur,cxx_default_on_emitted_cpp,5eb72c8d,10,16,cxx_remove_void_call,lens_blur.halide_generated.cpp,9221,13,generator_specific,0,0,0,,,,0,17.217,cxx_remove_void_call:/mnt/scratch1/ardi/dsl_mut/HM-armc/mutation/lowered-cpp/lens_blur/lens_blur.halide_generated.cpp:9221:13
lens_blur,cxx_default_on_emitted_cpp,5eb72c8d,10,16,cxx_sub_to_add,lens_blur.halide_generated.cpp,5952,27,generator_specific,0,0,0,,,,0,17.373,cxx_sub_to_add:/mnt/scratch1/ardi/dsl_mut/HM-armc/mutation/lowered-cpp/lens_blur/lens_blur.halide_generated.cpp:5952:27
lens_blur,cxx_default_on_emitted_cpp,5eb72c8d,10,16,cxx_add_to_sub,lens_blur.halide_generated.cpp,13763,26,generator_specific,0,0,0,,,,0,17.264,cxx_add_to_sub:/mnt/scratch1/ardi/dsl_mut/HM-armc/mutation/lowered-cpp/lens_blur/lens_blur.halide_generated.cpp:13763:26
lens_blur,cxx_default_on_emitted_cpp,5eb72c8d,10,16,cxx_add_to_sub,lens_blur.halide_generated.cpp,9430,35,generator_specific,0,0,0,,,,0,17.104,cxx_add_to_sub:/mnt/scratch1/ardi/dsl_mut/HM-armc/mutation/lowered-cpp/lens_blur/lens_blur.halide_generated.cpp:9430:35
lens_blur,cxx_default_on_emitted_cpp,5eb72c8d,10,16,cxx_add_to_sub,lens_blur.halide_generated.cpp,5965,27,generator_specific,0,0,0,,,,0,17.149,cxx_add_to_sub:/mnt/scratch1/ardi/dsl_mut/HM-armc/mutation/lowered-cpp/lens_blur/lens_blur.halide_generated.cpp:5965:27
lens_blur,cxx_default_on_emitted_cpp,5eb72c8d,10,16,cxx_add_to_sub,lens_blur.halide_generated.cpp,5085,22,generator_specific,0,0,0,,,,0,17.063,cxx_add_to_sub:/mnt/scratch1/ardi/dsl_mut/HM-armc/mutation/lowered-cpp/lens_blur/lens_blur.halide_generated.cpp:5085:22
lens_blur,cxx_default_on_emitted_cpp,5eb72c8d,10,16,cxx_add_to_sub,lens_blur.halide_generated.cpp,6024,28,generator_specific,0,0,0,,,,0,17.399,cxx_add_to_sub:/mnt/scratch1/ardi/dsl_mut/HM-armc/mutation/lowered-cpp/lens_blur/lens_blur.halide_generated.cpp:6024:28
lens_blur,cxx_default_on_emitted_cpp,5eb72c8d,10,16,cxx_add_to_sub,lens_blur.halide_generated.cpp,9148,35,generator_specific,0,0,0,,,,0,17.169,cxx_add_to_sub:/mnt/scratch1/ardi/dsl_mut/HM-armc/mutation/lowered-cpp/lens_blur/lens_blur.halide_generated.cpp:9148:35
lens_blur,cxx_default_on_emitted_cpp,5eb72c8d,10,16,cxx_sub_to_add,lens_blur.halide_generated.cpp,5807,26,generator_specific,0,0,1,,,test2_golden,0,17.225,cxx_sub_to_add:/mnt/scratch1/ardi/dsl_mut/HM-armc/mutation/lowered-cpp/lens_blur/lens_blur.halide_generated.cpp:5807:26
lens_blur,cxx_default_on_emitted_cpp,5eb72c8d,10,16,cxx_sub_to_add,lens_blur.halide_generated.cpp,12047,26,generator_specific,0,0,0,,,,0,17.167,cxx_sub_to_add:/mnt/scratch1/ardi/dsl_mut/HM-armc/mutation/lowered-cpp/lens_blur/lens_blur.halide_generated.cpp:12047:26
lens_blur,cxx_default_on_emitted_cpp,5eb72c8d,10,16,cxx_add_to_sub,lens_blur.halide_generated.cpp,9709,34,generator_specific,0,0,0,,,,0,17.342,cxx_add_to_sub:/mnt/scratch1/ardi/dsl_mut/HM-armc/mutation/lowered-cpp/lens_blur/lens_blur.halide_generated.cpp:9709:34
lens_blur,cxx_default_on_emitted_cpp,5eb72c8d,10,16,cxx_mul_to_div,lens_blur.halide_generated.cpp,9877,36,generator_specific,0,0,0,,,,0,17.270,cxx_mul_to_div:/mnt/scratch1/ardi/dsl_mut/HM-armc/mutation/lowered-cpp/lens_blur/lens_blur.halide_generated.cpp:9877:36
lens_blur,cxx_default_on_emitted_cpp,5eb72c8d,10,16,cxx_mul_to_div,lens_blur.halide_generated.cpp,10929,38,generator_specific,0,0,0,,,,0,17.256,cxx_mul_to_div:/mnt/scratch1/ardi/dsl_mut/HM-armc/mutation/lowered-cpp/lens_blur/lens_blur.halide_generated.cpp:10929:38
lens_blur,cxx_default_on_emitted_cpp,5eb72c8d,10,16,cxx_add_to_sub,lens_blur.halide_generated.cpp,11544,29,generator_specific,0,0,0,,,,0,16.910,cxx_add_to_sub:/mnt/scratch1/ardi/dsl_mut/HM-armc/mutation/lowered-cpp/lens_blur/lens_blur.halide_generated.cpp:11544:29
lens_blur,cxx_default_on_emitted_cpp,5eb72c8d,10,16,cxx_add_to_sub,lens_blur.halide_generated.cpp,11130,39,generator_specific,0,0,0,,,,0,17.707,cxx_add_to_sub:/mnt/scratch1/ardi/dsl_mut/HM-armc/mutation/lowered-cpp/lens_blur/lens_blur.halide_generated.cpp:11130:39
lens_blur,cxx_default_on_emitted_cpp,5eb72c8d,10,16,cxx_add_to_sub,lens_blur.halide_generated.cpp,7873,32,generator_specific,0,0,0,,,,0,17.599,cxx_add_to_sub:/mnt/scratch1/ardi/dsl_mut/HM-armc/mutation/lowered-cpp/lens_blur/lens_blur.halide_generated.cpp:7873:32
lens_blur,cxx_default_on_emitted_cpp,5eb72c8d,10,16,cxx_add_to_sub,lens_blur.halide_generated.cpp,12704,24,generator_specific,0,0,0,,,,0,17.394,cxx_add_to_sub:/mnt/scratch1/ardi/dsl_mut/HM-armc/mutation/lowered-cpp/lens_blur/lens_blur.halide_generated.cpp:12704:24
lens_blur,cxx_default_on_emitted_cpp,5eb72c8d,10,16,cxx_mul_to_div,lens_blur.halide_generated.cpp,8236,32,generator_specific,0,0,0,,,,0,17.655,cxx_mul_to_div:/mnt/scratch1/ardi/dsl_mut/HM-armc/mutation/lowered-cpp/lens_blur/lens_blur.halide_generated.cpp:8236:32
lens_blur,cxx_default_on_emitted_cpp,5eb72c8d,10,16,cxx_sub_to_add,lens_blur.halide_generated.cpp,4739,30,generator_specific,0,0,0,,,,0,17.422,cxx_sub_to_add:/mnt/scratch1/ardi/dsl_mut/HM-armc/mutation/lowered-cpp/lens_blur/lens_blur.halide_generated.cpp:4739:30
lens_blur,cxx_default_on_emitted_cpp,5eb72c8d,10,16,cxx_add_to_sub,lens_blur.halide_generated.cpp,8966,34,generator_specific,0,0,0,,,,0,17.459,cxx_add_to_sub:/mnt/scratch1/ardi/dsl_mut/HM-armc/mutation/lowered-cpp/lens_blur/lens_blur.halide_generated.cpp:8966:34
lens_blur,cxx_default_on_emitted_cpp,5eb72c8d,10,16,cxx_mul_to_div,lens_blur.halide_generated.cpp,11283,38,generator_specific,0,0,0,,,,0,17.580,cxx_mul_to_div:/mnt/scratch1/ardi/dsl_mut/HM-armc/mutation/lowered-cpp/lens_blur/lens_blur.halide_generated.cpp:11283:38
lens_blur,cxx_default_on_emitted_cpp,5eb72c8d,10,16,cxx_add_to_sub,lens_blur.halide_generated.cpp,8893,33,generator_specific,0,0,0,,,,0,17.524,cxx_add_to_sub:/mnt/scratch1/ardi/dsl_mut/HM-armc/mutation/lowered-cpp/lens_blur/lens_blur.halide_generated.cpp:8893:33
lens_blur,cxx_default_on_emitted_cpp,5eb72c8d,10,16,cxx_add_to_sub,lens_blur.halide_generated.cpp,8099,31,generator_specific,0,0,0,,,,0,17.431,cxx_add_to_sub:/mnt/scratch1/ardi/dsl_mut/HM-armc/mutation/lowered-cpp/lens_blur/lens_blur.halide_generated.cpp:8099:31
lens_blur,cxx_default_on_emitted_cpp,5eb72c8d,10,16,cxx_add_to_sub,lens_blur.halide_generated.cpp,7879,34,generator_specific,0,0,0,,,,0,17.592,cxx_add_to_sub:/mnt/scratch1/ardi/dsl_mut/HM-armc/mutation/lowered-cpp/lens_blur/lens_blur.halide_generated.cpp:7879:34
lens_blur,cxx_default_on_emitted_cpp,5eb72c8d,10,16,cxx_add_to_sub,lens_blur.halide_generated.cpp,10478,37,generator_specific,-6,1,1,,,test1_demo;test2_golden,0,0.249,cxx_add_to_sub:/mnt/scratch1/ardi/dsl_mut/HM-armc/mutation/lowered-cpp/lens_blur/lens_blur.halide_generated.cpp:10478:37
lens_blur,cxx_default_on_emitted_cpp,5eb72c8d,10,16,cxx_lt_to_ge,lens_blur.halide_generated.cpp,3357,30,boilerplate,-11,1,1,,,test1_demo;test2_golden,0,0.816,cxx_lt_to_ge:/mnt/scratch1/ardi/dsl_mut/HM-armc/mutation/lowered-cpp/lens_blur/lens_blur.halide_generated.cpp:3357:30
lens_blur,cxx_default_on_emitted_cpp,5eb72c8d,10,16,cxx_add_to_sub,lens_blur.halide_generated.cpp,3870,24,generator_specific,0,0,1,,,test2_golden,0,17.816,cxx_add_to_sub:/mnt/scratch1/ardi/dsl_mut/HM-armc/mutation/lowered-cpp/lens_blur/lens_blur.halide_generated.cpp:3870:24
lens_blur,cxx_default_on_emitted_cpp,5eb72c8d,10,16,cxx_sub_to_add,lens_blur.halide_generated.cpp,6272,27,generator_specific,-6,1,1,,,test1_demo;test2_golden,0,0.237,cxx_sub_to_add:/mnt/scratch1/ardi/dsl_mut/HM-armc/mutation/lowered-cpp/lens_blur/lens_blur.halide_generated.cpp:6272:27
lens_blur,cxx_default_on_emitted_cpp,5eb72c8d,10,16,cxx_sub_to_add,lens_blur.halide_generated.cpp,4050,23,generator_specific,0,0,0,,,,0,17.216,cxx_sub_to_add:/mnt/scratch1/ardi/dsl_mut/HM-armc/mutation/lowered-cpp/lens_blur/lens_blur.halide_generated.cpp:4050:23
lens_blur,cxx_default_on_emitted_cpp,5eb72c8d,10,16,cxx_mul_to_div,lens_blur.halide_generated.cpp,11578,28,generator_specific,0,0,0,,,,0,17.295,cxx_mul_to_div:/mnt/scratch1/ardi/dsl_mut/HM-armc/mutation/lowered-cpp/lens_blur/lens_blur.halide_generated.cpp:11578:28
lens_blur,cxx_default_on_emitted_cpp,5eb72c8d,10,16,cxx_add_to_sub,lens_blur.halide_generated.cpp,4548,30,generator_specific,0,0,1,,,test2_golden,0,17.227,cxx_add_to_sub:/mnt/scratch1/ardi/dsl_mut/HM-armc/mutation/lowered-cpp/lens_blur/lens_blur.halide_generated.cpp:4548:30
lens_blur,cxx_default_on_emitted_cpp,5eb72c8d,10,16,cxx_sub_to_add,lens_blur.halide_generated.cpp,9088,34,generator_specific,0,0,0,,,,0,17.218,cxx_sub_to_add:/mnt/scratch1/ardi/dsl_mut/HM-armc/mutation/lowered-cpp/lens_blur/lens_blur.halide_generated.cpp:9088:34
lens_blur,cxx_default_on_emitted_cpp,5eb72c8d,10,16,cxx_add_to_sub,lens_blur.halide_generated.cpp,6405,29,generator_specific,0,0,0,,,,0,17.141,cxx_add_to_sub:/mnt/scratch1/ardi/dsl_mut/HM-armc/mutation/lowered-cpp/lens_blur/lens_blur.halide_generated.cpp:6405:29
lens_blur,cxx_default_on_emitted_cpp,5eb72c8d,10,16,cxx_add_to_sub,lens_blur.halide_generated.cpp,9578,36,generator_specific,0,0,0,,,,0,17.610,cxx_add_to_sub:/mnt/scratch1/ardi/dsl_mut/HM-armc/mutation/lowered-cpp/lens_blur/lens_blur.halide_generated.cpp:9578:36
lens_blur,cxx_default_on_emitted_cpp,5eb72c8d,10,16,cxx_lt_to_ge,lens_blur.halide_generated.cpp,3790,62,generator_specific,0,0,1,,,test2_golden,0,28.385,cxx_lt_to_ge:/mnt/scratch1/ardi/dsl_mut/HM-armc/mutation/lowered-cpp/lens_blur/lens_blur.halide_generated.cpp:3790:62
lens_blur,cxx_default_on_emitted_cpp,5eb72c8d,10,16,cxx_add_to_sub,lens_blur.halide_generated.cpp,8806,31,generator_specific,0,0,0,,,,0,17.217,cxx_add_to_sub:/mnt/scratch1/ardi/dsl_mut/HM-armc/mutation/lowered-cpp/lens_blur/lens_blur.halide_generated.cpp:8806:31
lens_blur,cxx_default_on_emitted_cpp,5eb72c8d,10,16,cxx_gt_to_le,lens_blur.halide_generated.cpp,9751,81,generator_specific,-6,1,1,,,test1_demo;test2_golden,0,0.244,cxx_gt_to_le:/mnt/scratch1/ardi/dsl_mut/HM-armc/mutation/lowered-cpp/lens_blur/lens_blur.halide_generated.cpp:9751:81
lens_blur,cxx_default_on_emitted_cpp,5eb72c8d,10,16,cxx_lt_to_ge,lens_blur.halide_generated.cpp,4635,41,generator_specific,0,0,0,,,,0,28.948,cxx_lt_to_ge:/mnt/scratch1/ardi/dsl_mut/HM-armc/mutation/lowered-cpp/lens_blur/lens_blur.halide_generated.cpp:4635:41
lens_blur,cxx_default_on_emitted_cpp,5eb72c8d,10,16,cxx_add_to_sub,lens_blur.halide_generated.cpp,11152,39,generator_specific,-11,1,1,,,test1_demo;test2_golden,0,0.246,cxx_add_to_sub:/mnt/scratch1/ardi/dsl_mut/HM-armc/mutation/lowered-cpp/lens_blur/lens_blur.halide_generated.cpp:11152:39
lens_blur,cxx_default_on_emitted_cpp,5eb72c8d,10,16,cxx_add_to_sub,lens_blur.halide_generated.cpp,7629,33,generator_specific,0,0,0,,,,0,17.305,cxx_add_to_sub:/mnt/scratch1/ardi/dsl_mut/HM-armc/mutation/lowered-cpp/lens_blur/lens_blur.halide_generated.cpp:7629:33
lens_blur,cxx_default_on_emitted_cpp,5eb72c8d,10,16,cxx_add_to_sub,lens_blur.halide_generated.cpp,8482,31,generator_specific,0,0,1,,,test2_golden,0,17.153,cxx_add_to_sub:/mnt/scratch1/ardi/dsl_mut/HM-armc/mutation/lowered-cpp/lens_blur/lens_blur.halide_generated.cpp:8482:31
lens_blur,cxx_default_on_emitted_cpp,5eb72c8d,10,16,cxx_remove_void_call,lens_blur.halide_generated.cpp,11820,6,generator_specific,0,0,1,,,test2_golden,0,17.013,cxx_remove_void_call:/mnt/scratch1/ardi/dsl_mut/HM-armc/mutation/lowered-cpp/lens_blur/lens_blur.halide_generated.cpp:11820:6
lens_blur,cxx_default_on_emitted_cpp,5eb72c8d,10,16,cxx_add_to_sub,lens_blur.halide_generated.cpp,12025,28,generator_specific,0,0,0,,,,0,17.443,cxx_add_to_sub:/mnt/scratch1/ardi/dsl_mut/HM-armc/mutation/lowered-cpp/lens_blur/lens_blur.halide_generated.cpp:12025:28
lens_blur,cxx_default_on_emitted_cpp,5eb72c8d,10,16,cxx_mul_to_div,lens_blur.halide_generated.cpp,11460,35,generator_specific,0,0,1,,,test2_golden,0,17.140,cxx_mul_to_div:/mnt/scratch1/ardi/dsl_mut/HM-armc/mutation/lowered-cpp/lens_blur/lens_blur.halide_generated.cpp:11460:35
lens_blur,cxx_default_on_emitted_cpp,5eb72c8d,10,16,cxx_sub_to_add,lens_blur.halide_generated.cpp,6440,28,generator_specific,0,0,0,,,,0,16.847,cxx_sub_to_add:/mnt/scratch1/ardi/dsl_mut/HM-armc/mutation/lowered-cpp/lens_blur/lens_blur.halide_generated.cpp:6440:28
lens_blur,cxx_default_on_emitted_cpp,5eb72c8d,10,16,cxx_add_to_sub,lens_blur.halide_generated.cpp,12443,24,generator_specific,0,0,0,,,,0,16.696,cxx_add_to_sub:/mnt/scratch1/ardi/dsl_mut/HM-armc/mutation/lowered-cpp/lens_blur/lens_blur.halide_generated.cpp:12443:24
lens_blur,cxx_default_on_emitted_cpp,5eb72c8d,10,16,cxx_sub_to_add,lens_blur.halide_generated.cpp,8952,35,generator_specific,0,0,0,,,,0,17.472,cxx_sub_to_add:/mnt/scratch1/ardi/dsl_mut/HM-armc/mutation/lowered-cpp/lens_blur/lens_blur.halide_generated.cpp:8952:35
lens_blur,cxx_default_on_emitted_cpp,5eb72c8d,10,16,cxx_add_to_sub,lens_blur.halide_generated.cpp,7084,30,generator_specific,0,0,0,,,,0,17.182,cxx_add_to_sub:/mnt/scratch1/ardi/dsl_mut/HM-armc/mutation/lowered-cpp/lens_blur/lens_blur.halide_generated.cpp:7084:30
lens_blur,cxx_default_on_emitted_cpp,5eb72c8d,10,16,cxx_add_to_sub,lens_blur.halide_generated.cpp,12469,24,generator_specific,0,0,0,,,,0,17.228,cxx_add_to_sub:/mnt/scratch1/ardi/dsl_mut/HM-armc/mutation/lowered-cpp/lens_blur/lens_blur.halide_generated.cpp:12469:24
lens_blur,cxx_default_on_emitted_cpp,5eb72c8d,10,16,cxx_sub_to_add,lens_blur.halide_generated.cpp,9318,34,generator_specific,0,0,0,,,,0,17.270,cxx_sub_to_add:/mnt/scratch1/ardi/dsl_mut/HM-armc/mutation/lowered-cpp/lens_blur/lens_blur.halide_generated.cpp:9318:34
lens_blur,cxx_default_on_emitted_cpp,5eb72c8d,10,16,cxx_mul_to_div,lens_blur.halide_generated.cpp,6126,27,generator_specific,0,0,0,,,,0,17.369,cxx_mul_to_div:/mnt/scratch1/ardi/dsl_mut/HM-armc/mutation/lowered-cpp/lens_blur/lens_blur.halide_generated.cpp:6126:27
lens_blur,cxx_default_on_emitted_cpp,5eb72c8d,10,16,cxx_mul_to_div,lens_blur.halide_generated.cpp,14110,27,generator_specific,0,0,0,,,,0,17.143,cxx_mul_to_div:/mnt/scratch1/ardi/dsl_mut/HM-armc/mutation/lowered-cpp/lens_blur/lens_blur.halide_generated.cpp:14110:27
lens_blur,cxx_default_on_emitted_cpp,5eb72c8d,10,16,cxx_add_to_sub,lens_blur.halide_generated.cpp,9618,35,generator_specific,0,0,0,,,,0,17.077,cxx_add_to_sub:/mnt/scratch1/ardi/dsl_mut/HM-armc/mutation/lowered-cpp/lens_blur/lens_blur.halide_generated.cpp:9618:35
lens_blur,cxx_default_on_emitted_cpp,5eb72c8d,10,16,cxx_add_to_sub,lens_blur.halide_generated.cpp,8937,58,generator_specific,0,0,0,,,,0,16.991,cxx_add_to_sub:/mnt/scratch1/ardi/dsl_mut/HM-armc/mutation/lowered-cpp/lens_blur/lens_blur.halide_generated.cpp:8937:58
lens_blur,cxx_default_on_emitted_cpp,5eb72c8d,10,16,cxx_lt_to_le,lens_blur.halide_generated.cpp,9571,55,generator_specific,0,0,0,,,,0,17.414,cxx_lt_to_le:/mnt/scratch1/ardi/dsl_mut/HM-armc/mutation/lowered-cpp/lens_blur/lens_blur.halide_generated.cpp:9571:55
lens_blur,cxx_default_on_emitted_cpp,5eb72c8d,10,16,cxx_add_to_sub,lens_blur.halide_generated.cpp,14144,28,generator_specific,0,0,0,,,,0,17.251,cxx_add_to_sub:/mnt/scratch1/ardi/dsl_mut/HM-armc/mutation/lowered-cpp/lens_blur/lens_blur.halide_generated.cpp:14144:28
lens_blur,cxx_default_on_emitted_cpp,5eb72c8d,10,16,cxx_add_to_sub,lens_blur.halide_generated.cpp,7684,29,generator_specific,0,0,0,,,,0,16.998,cxx_add_to_sub:/mnt/scratch1/ardi/dsl_mut/HM-armc/mutation/lowered-cpp/lens_blur/lens_blur.halide_generated.cpp:7684:29
lens_blur,cxx_default_on_emitted_cpp,5eb72c8d,10,16,cxx_add_to_sub,lens_blur.halide_generated.cpp,7364,33,generator_specific,0,0,0,,,,0,17.274,cxx_add_to_sub:/mnt/scratch1/ardi/dsl_mut/HM-armc/mutation/lowered-cpp/lens_blur/lens_blur.halide_generated.cpp:7364:33
lens_blur,cxx_default_on_emitted_cpp,5eb72c8d,10,16,cxx_replace_scalar_call,lens_blur.halide_generated.cpp,13343,20,generator_specific,0,0,0,,,,0,17.317,cxx_replace_scalar_call:/mnt/scratch1/ardi/dsl_mut/HM-armc/mutation/lowered-cpp/lens_blur/lens_blur.halide_generated.cpp:13343:20
lens_blur,cxx_default_on_emitted_cpp,5eb72c8d,10,16,cxx_add_to_sub,lens_blur.halide_generated.cpp,12149,32,generator_specific,0,0,1,,,test2_golden,0,17.201,cxx_add_to_sub:/mnt/scratch1/ardi/dsl_mut/HM-armc/mutation/lowered-cpp/lens_blur/lens_blur.halide_generated.cpp:12149:32
lens_blur,cxx_default_on_emitted_cpp,5eb72c8d,10,16,cxx_add_to_sub,lens_blur.halide_generated.cpp,10138,34,generator_specific,0,0,0,,,,0,17.433,cxx_add_to_sub:/mnt/scratch1/ardi/dsl_mut/HM-armc/mutation/lowered-cpp/lens_blur/lens_blur.halide_generated.cpp:10138:34
lens_blur,cxx_default_on_emitted_cpp,5eb72c8d,10,16,cxx_add_to_sub,lens_blur.halide_generated.cpp,4406,57,generator_specific,0,0,1,,,test2_golden,0,17.482,cxx_add_to_sub:/mnt/scratch1/ardi/dsl_mut/HM-armc/mutation/lowered-cpp/lens_blur/lens_blur.halide_generated.cpp:4406:57
lens_blur,cxx_default_on_emitted_cpp,5eb72c8d,10,16,cxx_mul_to_div,lens_blur.halide_generated.cpp,8615,31,generator_specific,0,0,1,,,test2_golden,0,17.246,cxx_mul_to_div:/mnt/scratch1/ardi/dsl_mut/HM-armc/mutation/lowered-cpp/lens_blur/lens_blur.halide_generated.cpp:8615:31
lens_blur,cxx_default_on_emitted_cpp,5eb72c8d,10,16,cxx_sub_to_add,lens_blur.halide_generated.cpp,10619,36,generator_specific,-6,1,1,,,test1_demo;test2_golden,0,0.392,cxx_sub_to_add:/mnt/scratch1/ardi/dsl_mut/HM-armc/mutation/lowered-cpp/lens_blur/lens_blur.halide_generated.cpp:10619:36
lens_blur,cxx_default_on_emitted_cpp,5eb72c8d,10,16,cxx_add_to_sub,lens_blur.halide_generated.cpp,8729,33,generator_specific,0,0,0,,,,0,17.523,cxx_add_to_sub:/mnt/scratch1/ardi/dsl_mut/HM-armc/mutation/lowered-cpp/lens_blur/lens_blur.halide_generated.cpp:8729:33
lens_blur,cxx_default_on_emitted_cpp,5eb72c8d,10,16,cxx_add_to_sub,lens_blur.halide_generated.cpp,11278,38,generator_specific,0,0,0,,,,0,17.382,cxx_add_to_sub:/mnt/scratch1/ardi/dsl_mut/HM-armc/mutation/lowered-cpp/lens_blur/lens_blur.halide_generated.cpp:11278:38
lens_blur,cxx_default_on_emitted_cpp,5eb72c8d,10,16,cxx_add_to_sub,lens_blur.halide_generated.cpp,8947,35,generator_specific,0,0,0,,,,0,17.029,cxx_add_to_sub:/mnt/scratch1/ardi/dsl_mut/HM-armc/mutation/lowered-cpp/lens_blur/lens_blur.halide_generated.cpp:8947:35
lens_blur,cxx_default_on_emitted_cpp,5eb72c8d,10,16,cxx_add_to_sub,lens_blur.halide_generated.cpp,9937,37,generator_specific,0,0,0,,,,0,17.316,cxx_add_to_sub:/mnt/scratch1/ardi/dsl_mut/HM-armc/mutation/lowered-cpp/lens_blur/lens_blur.halide_generated.cpp:9937:37
lens_blur,cxx_default_on_emitted_cpp,5eb72c8d,10,16,cxx_mul_to_div,lens_blur.halide_generated.cpp,13955,27,generator_specific,0,0,0,,,,0,17.495,cxx_mul_to_div:/mnt/scratch1/ardi/dsl_mut/HM-armc/mutation/lowered-cpp/lens_blur/lens_blur.halide_generated.cpp:13955:27
lens_blur,cxx_default_on_emitted_cpp,5eb72c8d,10,16,cxx_mul_to_div,lens_blur.halide_generated.cpp,7673,29,generator_specific,0,0,0,,,,0,17.142,cxx_mul_to_div:/mnt/scratch1/ardi/dsl_mut/HM-armc/mutation/lowered-cpp/lens_blur/lens_blur.halide_generated.cpp:7673:29
lens_blur,cxx_default_on_emitted_cpp,5eb72c8d,10,16,cxx_mul_to_div,lens_blur.halide_generated.cpp,7057,29,generator_specific,0,0,0,,,,0,17.206,cxx_mul_to_div:/mnt/scratch1/ardi/dsl_mut/HM-armc/mutation/lowered-cpp/lens_blur/lens_blur.halide_generated.cpp:7057:29
lens_blur,cxx_default_on_emitted_cpp,5eb72c8d,10,16,cxx_add_to_sub,lens_blur.halide_generated.cpp,5644,27,generator_specific,0,0,0,,,,0,17.137,cxx_add_to_sub:/mnt/scratch1/ardi/dsl_mut/HM-armc/mutation/lowered-cpp/lens_blur/lens_blur.halide_generated.cpp:5644:27
lens_blur,cxx_default_on_emitted_cpp,5eb72c8d,10,16,cxx_add_to_sub,lens_blur.halide_generated.cpp,13384,25,generator_specific,0,0,0,,,,0,17.361,cxx_add_to_sub:/mnt/scratch1/ardi/dsl_mut/HM-armc/mutation/lowered-cpp/lens_blur/lens_blur.halide_generated.cpp:13384:25
lens_blur,cxx_default_on_emitted_cpp,5eb72c8d,10,16,cxx_add_to_sub,lens_blur.halide_generated.cpp,9413,36,generator_specific,0,0,0,,,,0,17.193,cxx_add_to_sub:/mnt/scratch1/ardi/dsl_mut/HM-armc/mutation/lowered-cpp/lens_blur/lens_blur.halide_generated.cpp:9413:36
lens_blur,cxx_default_on_emitted_cpp,5eb72c8d,10,16,cxx_mul_to_div,lens_blur.halide_generated.cpp,13611,26,generator_specific,0,0,0,,,,0,17.183,cxx_mul_to_div:/mnt/scratch1/ardi/dsl_mut/HM-armc/mutation/lowered-cpp/lens_blur/lens_blur.halide_generated.cpp:13611:26
lens_blur,cxx_default_on_emitted_cpp,5eb72c8d,10,16,cxx_le_to_lt,lens_blur.halide_generated.cpp,12977,22,generator_specific,0,0,1,,,test2_golden,0,0.042,cxx_le_to_lt:/mnt/scratch1/ardi/dsl_mut/HM-armc/mutation/lowered-cpp/lens_blur/lens_blur.halide_generated.cpp:12977:22
lens_blur,cxx_default_on_emitted_cpp,5eb72c8d,10,16,cxx_post_inc_to_post_dec,lens_blur.halide_generated.cpp,5604,105,generator_specific,-11,1,1,,,test1_demo;test2_golden,0,0.242,cxx_post_inc_to_post_dec:/mnt/scratch1/ardi/dsl_mut/HM-armc/mutation/lowered-cpp/lens_blur/lens_blur.halide_generated.cpp:5604:105
lens_blur,cxx_default_on_emitted_cpp,5eb72c8d,10,16,cxx_add_to_sub,lens_blur.halide_generated.cpp,5125,23,generator_specific,0,0,0,,,,0,17.222,cxx_add_to_sub:/mnt/scratch1/ardi/dsl_mut/HM-armc/mutation/lowered-cpp/lens_blur/lens_blur.halide_generated.cpp:5125:23
lens_blur,cxx_default_on_emitted_cpp,5eb72c8d,10,16,cxx_add_to_sub,lens_blur.halide_generated.cpp,7994,32,generator_specific,0,0,0,,,,0,17.094,cxx_add_to_sub:/mnt/scratch1/ardi/dsl_mut/HM-armc/mutation/lowered-cpp/lens_blur/lens_blur.halide_generated.cpp:7994:32
lens_blur,cxx_default_on_emitted_cpp,5eb72c8d,10,16,cxx_add_to_sub,lens_blur.halide_generated.cpp,5608,27,generator_specific,-6,1,1,,,test1_demo;test2_golden,0,0.341,cxx_add_to_sub:/mnt/scratch1/ardi/dsl_mut/HM-armc/mutation/lowered-cpp/lens_blur/lens_blur.halide_generated.cpp:5608:27
lens_blur,cxx_default_on_emitted_cpp,5eb72c8d,10,16,cxx_mul_to_div,lens_blur.halide_generated.cpp,10040,36,generator_specific,0,0,0,,,,0,17.184,cxx_mul_to_div:/mnt/scratch1/ardi/dsl_mut/HM-armc/mutation/lowered-cpp/lens_blur/lens_blur.halide_generated.cpp:10040:36
lens_blur,cxx_default_on_emitted_cpp,5eb72c8d,10,16,cxx_add_to_sub,lens_blur.halide_generated.cpp,8561,35,generator_specific,0,0,0,,,,0,17.377,cxx_add_to_sub:/mnt/scratch1/ardi/dsl_mut/HM-armc/mutation/lowered-cpp/lens_blur/lens_blur.halide_generated.cpp:8561:35
lens_blur,cxx_default_on_emitted_cpp,5eb72c8d,10,16,cxx_add_to_sub,lens_blur.halide_generated.cpp,11028,37,generator_specific,-11,1,1,,,test1_demo;test2_golden,0,0.383,cxx_add_to_sub:/mnt/scratch1/ardi/dsl_mut/HM-armc/mutation/lowered-cpp/lens_blur/lens_blur.halide_generated.cpp:11028:37
lens_blur,cxx_default_on_emitted_cpp,5eb72c8d,10,16,cxx_sub_to_add,lens_blur.halide_generated.cpp,7769,29,generator_specific,-11,1,1,,,test1_demo;test2_golden,0,0.248,cxx_sub_to_add:/mnt/scratch1/ardi/dsl_mut/HM-armc/mutation/lowered-cpp/lens_blur/lens_blur.halide_generated.cpp:7769:29
lens_blur,cxx_default_on_emitted_cpp,5eb72c8d,10,16,cxx_lt_to_le,lens_blur.halide_generated.cpp,8708,52,generator_specific,0,0,0,,,,0,17.369,cxx_lt_to_le:/mnt/scratch1/ardi/dsl_mut/HM-armc/mutation/lowered-cpp/lens_blur/lens_blur.halide_generated.cpp:8708:52
lens_blur,cxx_default_on_emitted_cpp,5eb72c8d,10,16,cxx_add_to_sub,lens_blur.halide_generated.cpp,10640,36,generator_specific,0,0,0,,,,0,17.588,cxx_add_to_sub:/mnt/scratch1/ardi/dsl_mut/HM-armc/mutation/lowered-cpp/lens_blur/lens_blur.halide_generated.cpp:10640:36
lens_blur,cxx_default_on_emitted_cpp,5eb72c8d,10,16,cxx_mul_to_div,lens_blur.halide_generated.cpp,10891,38,generator_specific,0,0,0,,,,0,17.131,cxx_mul_to_div:/mnt/scratch1/ardi/dsl_mut/HM-armc/mutation/lowered-cpp/lens_blur/lens_blur.halide_generated.cpp:10891:38
lens_blur,cxx_default_on_emitted_cpp,5eb72c8d,10,16,cxx_add_to_sub,lens_blur.halide_generated.cpp,4837,57,generator_specific,0,0,1,,,test2_golden,0,17.071,cxx_add_to_sub:/mnt/scratch1/ardi/dsl_mut/HM-armc/mutation/lowered-cpp/lens_blur/lens_blur.halide_generated.cpp:4837:57
lens_blur,cxx_default_on_emitted_cpp,5eb72c8d,10,16,cxx_sub_to_add,lens_blur.halide_generated.cpp,7279,30,generator_specific,0,0,0,,,,0,17.393,cxx_sub_to_add:/mnt/scratch1/ardi/dsl_mut/HM-armc/mutation/lowered-cpp/lens_blur/lens_blur.halide_generated.cpp:7279:30
lens_blur,cxx_default_on_emitted_cpp,5eb72c8d,10,16,cxx_add_to_sub,lens_blur.halide_generated.cpp,6584,29,generator_specific,0,0,0,,,,0,17.816,cxx_add_to_sub:/mnt/scratch1/ardi/dsl_mut/HM-armc/mutation/lowered-cpp/lens_blur/lens_blur.halide_generated.cpp:6584:29
lens_blur,cxx_default_on_emitted_cpp,5eb72c8d,10,16,cxx_replace_scalar_call,lens_blur.halide_generated.cpp,12602,18,generator_specific,0,0,0,,,,0,17.586,cxx_replace_scalar_call:/mnt/scratch1/ardi/dsl_mut/HM-armc/mutation/lowered-cpp/lens_blur/lens_blur.halide_generated.cpp:12602:18
lens_blur,cxx_default_on_emitted_cpp,5eb72c8d,10,16,cxx_le_to_gt,lens_blur.halide_generated.cpp,12926,18,generator_specific,-6,1,1,,,test1_demo;test2_golden,0,0.025,cxx_le_to_gt:/mnt/scratch1/ardi/dsl_mut/HM-armc/mutation/lowered-cpp/lens_blur/lens_blur.halide_generated.cpp:12926:18
lens_blur,cxx_default_on_emitted_cpp,5eb72c8d,10,16,cxx_add_to_sub,lens_blur.halide_generated.cpp,6087,27,generator_specific,-11,1,1,,,test1_demo;test2_golden,0,0.298,cxx_add_to_sub:/mnt/scratch1/ardi/dsl_mut/HM-armc/mutation/lowered-cpp/lens_blur/lens_blur.halide_generated.cpp:6087:27
lens_blur,cxx_default_on_emitted_cpp,5eb72c8d,10,16,cxx_mul_to_div,lens_blur.halide_generated.cpp,13418,63,generator_specific,-11,1,1,,,test1_demo;test2_golden,0,0.010,cxx_mul_to_div:/mnt/scratch1/ardi/dsl_mut/HM-armc/mutation/lowered-cpp/lens_blur/lens_blur.halide_generated.cpp:13418:63
lens_blur,cxx_default_on_emitted_cpp,5eb72c8d,10,16,cxx_add_to_sub,lens_blur.halide_generated.cpp,4277,24,generator_specific,0,0,1,,,test2_golden,0,17.458,cxx_add_to_sub:/mnt/scratch1/ardi/dsl_mut/HM-armc/mutation/lowered-cpp/lens_blur/lens_blur.halide_generated.cpp:4277:24
lens_blur,cxx_default_on_emitted_cpp,5eb72c8d,10,16,cxx_add_to_sub,lens_blur.halide_generated.cpp,8453,33,generator_specific,0,0,0,,,,0,17.626,cxx_add_to_sub:/mnt/scratch1/ardi/dsl_mut/HM-armc/mutation/lowered-cpp/lens_blur/lens_blur.halide_generated.cpp:8453:33
lens_blur,cxx_default_on_emitted_cpp,5eb72c8d,10,16,cxx_mul_to_div,lens_blur.halide_generated.cpp,11682,28,generator_specific,0,0,0,,,,0,17.133,cxx_mul_to_div:/mnt/scratch1/ardi/dsl_mut/HM-armc/mutation/lowered-cpp/lens_blur/lens_blur.halide_generated.cpp:11682:28
lens_blur,cxx_default_on_emitted_cpp,5eb72c8d,10,16,cxx_add_to_sub,lens_blur.halide_generated.cpp,13679,26,generator_specific,0,0,0,,,,0,17.438,cxx_add_to_sub:/mnt/scratch1/ardi/dsl_mut/HM-armc/mutation/lowered-cpp/lens_blur/lens_blur.halide_generated.cpp:13679:26
lens_blur,cxx_default_on_emitted_cpp,5eb72c8d,10,16,cxx_add_to_sub,lens_blur.halide_generated.cpp,10916,38,generator_specific,0,0,0,,,,0,17.311,cxx_add_to_sub:/mnt/scratch1/ardi/dsl_mut/HM-armc/mutation/lowered-cpp/lens_blur/lens_blur.halide_generated.cpp:10916:38
lens_blur,cxx_default_on_emitted_cpp,5eb72c8d,10,16,cxx_add_to_sub,lens_blur.halide_generated.cpp,11069,38,generator_specific,-11,1,1,,,test1_demo;test2_golden,0,0.321,cxx_add_to_sub:/mnt/scratch1/ardi/dsl_mut/HM-armc/mutation/lowered-cpp/lens_blur/lens_blur.halide_generated.cpp:11069:38
lens_blur,cxx_default_on_emitted_cpp,5eb72c8d,10,16,cxx_add_to_sub,lens_blur.halide_generated.cpp,3903,25,generator_specific,-11,1,1,,,test1_demo;test2_golden,0,1.013,cxx_add_to_sub:/mnt/scratch1/ardi/dsl_mut/HM-armc/mutation/lowered-cpp/lens_blur/lens_blur.halide_generated.cpp:3903:25
lens_blur,cxx_default_on_emitted_cpp,5eb72c8d,10,16,cxx_mul_to_div,lens_blur.halide_generated.cpp,8920,34,generator_specific,0,0,0,,,,0,17.038,cxx_mul_to_div:/mnt/scratch1/ardi/dsl_mut/HM-armc/mutation/lowered-cpp/lens_blur/lens_blur.halide_generated.cpp:8920:34
lens_blur,cxx_default_on_emitted_cpp,5eb72c8d,10,16,cxx_add_to_sub,lens_blur.halide_generated.cpp,6036,27,generator_specific,0,0,0,,,,0,17.041,cxx_add_to_sub:/mnt/scratch1/ardi/dsl_mut/HM-armc/mutation/lowered-cpp/lens_blur/lens_blur.halide_generated.cpp:6036:27
lens_blur,cxx_default_on_emitted_cpp,5eb72c8d,10,16,cxx_sub_to_add,lens_blur.halide_generated.cpp,5348,26,generator_specific,0,0,0,,,,0,17.685,cxx_sub_to_add:/mnt/scratch1/ardi/dsl_mut/HM-armc/mutation/lowered-cpp/lens_blur/lens_blur.halide_generated.cpp:5348:26
