app,arm,mutator,file,line,column,variant,stage2,stmt_differs,effective,stage3,o1,o2,killed,exit_code,wall_seconds,note
lens_blur,arithmetic,Halide_add_to_div,lens_blur_generator.cpp,33,60,before,OK,1,1,OK,SURVIVED,KILLED,1,0,0.32,
lens_blur,arithmetic,Halide_add_to_div,lens_blur_generator.cpp,34,60,before,OK,1,1,OK,SURVIVED,SURVIVED,0,0,0.32,
lens_blur,arithmetic,Halide_add_to_div,lens_blur_generator.cpp,34,68,before,OK,1,1,OK,SURVIVED,SURVIVED,0,0,0.28,
lens_blur,arithmetic,Halide_add_to_div,lens_blur_generator.cpp,37,64,before,OK,1,1,OK,SURVIVED,SURVIVED,0,0,0.29,
lens_blur,arithmetic,Halide_add_to_div,lens_blur_generator.cpp,38,64,before,OK,1,1,OK,SURVIVED,SURVIVED,0,0,0.29,
lens_blur,arithmetic,Halide_add_to_div,lens_blur_generator.cpp,97,66,before,OK,1,1,OK,SURVIVED,SURVIVED,0,0,0.29,
lens_blur,arithmetic,Halide_add_to_div,lens_blur_generator.cpp,98,73,before,OK,1,1,OK,SURVIVED,SURVIVED,0,0,0.62,
lens_blur,arithmetic,Halide_add_to_div,lens_blur_generator.cpp,99,81,before,OK,1,1,OK,SURVIVED,SURVIVED,0,0,0.59,
lens_blur,arithmetic,Halide_add_to_div,lens_blur_generator.cpp,125,27,before,OK,1,1,OK,SURVIVED,SURVIVED,0,0,0.59,
lens_blur,arithmetic,Halide_add_to_div,lens_blur_generator.cpp,125,52,before,OK,1,1,OK,SURVIVED,SURVIVED,0,0,0.64,
lens_blur,arithmetic,Halide_add_to_div,lens_blur_generator.cpp,126,46,before,OK,1,1,OK,SURVIVED,KILLED,1,0,0.30,
lens_blur,arithmetic,Halide_add_to_div,lens_blur_generator.cpp,147,22,before,OK,1,1,OK,SURVIVED,KILLED,1,0,0.31,
lens_blur,arithmetic,Halide_add_to_div,lens_blur_generator.cpp,148,22,before,OK,1,1,OK,SURVIVED,KILLED,1,0,0.30,
lens_blur,arithmetic,Halide_add_to_div,lens_blur_generator.cpp,283,46,before,OK,1,1,OK,SURVIVED,SURVIVED,0,0,0.28,
lens_blur,arithmetic,Halide_add_to_div,lens_blur_generator.cpp,283,71,before,OK,1,1,OK,SURVIVED,SURVIVED,0,0,0.29,
lens_blur,arithmetic,Halide_add_to_div,lens_blur_generator.cpp,283,81,before,OK,1,1,OK,SURVIVED,SURVIVED,0,0,0.27,
lens_blur,arithmetic,Halide_add_to_div,lens_blur_generator.cpp,283,93,before,OK,1,1,OK,SURVIVED,SURVIVED,0,0,0.29,
lens_blur,arithmetic,Halide_add_to_div,lens_blur_generator.cpp,283,103,before,OK,1,1,OK,SURVIVED,SURVIVED,0,0,0.29,
lens_blur,arithmetic,Halide_add_to_div,lens_blur_generator.cpp,284,50,before,OK,1,1,OK,SURVIVED,KILLED,1,0,0.29,
lens_blur,arithmetic,Halide_add_to_div,lens_blur_generator.cpp,284,79,before,OK,1,1,OK,SURVIVED,SURVIVED,0,0,0.28,
lens_blur,arithmetic,Halide_add_to_div,lens_blur_generator.cpp,284,96,before,OK,1,1,OK,SURVIVED,SURVIVED,0,0,0.27,
lens_blur,arithmetic,Halide_add_to_div,lens_blur_generator.cpp,284,105,before,OK,1,1,OK,SURVIVED,SURVIVED,0,0,0.28,
lens_blur,arithmetic,Halide_add_to_div,lens_blur_generator.cpp,284,122,before,OK,1,1,OK,SURVIVED,SURVIVED,0,0,0.29,
lens_blur,arithmetic,Halide_add_to_div,lens_blur_generator.cpp,292,46,before,OK,1,1,OK,SURVIVED,SURVIVED,0,0,0.35,
lens_blur,arithmetic,Halide_add_to_div,lens_blur_generator.cpp,292,67,before,OK,1,1,OK,SURVIVED,KILLED,1,0,0.29,
lens_blur,arithmetic,Halide_add_to_div,lens_blur_generator.cpp,293,51,before,OK,1,1,OK,SURVIVED,SURVIVED,0,0,0.35,
lens_blur,arithmetic,Halide_add_to_div,lens_blur_generator.cpp,293,69,before,OK,1,1,OK,SURVIVED,KILLED,1,0,0.29,
lens_blur,arithmetic,Halide_add_to_mul,lens_blur_generator.cpp,33,60,before,OK,1,1,OK,SURVIVED,KILLED,1,0,0.29,
lens_blur,arithmetic,Halide_add_to_mul,lens_blur_generator.cpp,34,60,before,OK,1,1,OK,SURVIVED,SURVIVED,0,0,0.29,
lens_blur,arithmetic,Halide_add_to_mul,lens_blur_generator.cpp,34,68,before,OK,1,1,OK,SURVIVED,SURVIVED,0,0,0.28,
lens_blur,arithmetic,Halide_add_to_mul,lens_blur_generator.cpp,37,64,before,OK,1,1,OK,SURVIVED,SURVIVED,0,0,0.29,
lens_blur,arithmetic,Halide_add_to_mul,lens_blur_generator.cpp,38,64,before,OK,1,1,OK,SURVIVED,SURVIVED,0,0,0.29,
lens_blur,arithmetic,Halide_add_to_mul,lens_blur_generator.cpp,97,66,before,OK,1,1,OK,SURVIVED,SURVIVED,0,0,0.29,
lens_blur,arithmetic,Halide_add_to_mul,lens_blur_generator.cpp,98,73,before,OK,1,1,OK,SURVIVED,SURVIVED,0,0,4.75,
lens_blur,arithmetic,Halide_add_to_mul,lens_blur_generator.cpp,99,81,before,OK,1,1,OK,SURVIVED,SURVIVED,0,0,4.50,
lens_blur,arithmetic,Halide_add_to_mul,lens_blur_generator.cpp,125,27,before,OK,1,1,OK,SURVIVED,SURVIVED,0,0,4.51,
lens_blur,arithmetic,Halide_add_to_mul,lens_blur_generator.cpp,125,52,before,OK,1,1,OK,SURVIVED,SURVIVED,0,0,4.84,
lens_blur,arithmetic,Halide_add_to_mul,lens_blur_generator.cpp,126,46,before,OK,1,1,OK,SURVIVED,KILLED,1,0,0.29,
lens_blur,arithmetic,Halide_add_to_mul,lens_blur_generator.cpp,147,22,before,OK,1,1,OK,SURVIVED,KILLED,1,0,0.59,
lens_blur,arithmetic,Halide_add_to_mul,lens_blur_generator.cpp,148,22,before,OK,1,1,OK,SURVIVED,KILLED,1,0,0.53,
lens_blur,arithmetic,Halide_add_to_mul,lens_blur_generator.cpp,283,46,before,OK,1,1,OK,SURVIVED,SURVIVED,0,0,0.29,
lens_blur,arithmetic,Halide_add_to_mul,lens_blur_generator.cpp,283,71,before,OK,1,1,OK,SURVIVED,SURVIVED,0,0,0.29,
lens_blur,arithmetic,Halide_add_to_mul,lens_blur_generator.cpp,283,81,before,OK,1,1,OK,SURVIVED,SURVIVED,0,0,0.28,
lens_blur,arithmetic,Halide_add_to_mul,lens_blur_generator.cpp,283,93,before,OK,1,1,OK,SURVIVED,SURVIVED,0,0,0.29,
lens_blur,arithmetic,Halide_add_to_mul,lens_blur_generator.cpp,283,103,before,OK,1,1,OK,SURVIVED,SURVIVED,0,0,0.57,
lens_blur,arithmetic,Halide_add_to_mul,lens_blur_generator.cpp,284,50,before,OK,1,1,OK,SURVIVED,SURVIVED,0,0,0.29,
lens_blur,arithmetic,Halide_add_to_mul,lens_blur_generator.cpp,284,79,before,OK,1,1,OK,SURVIVED,SURVIVED,0,0,0.28,
lens_blur,arithmetic,Halide_add_to_mul,lens_blur_generator.cpp,284,96,before,OK,1,1,OK,SURVIVED,SURVIVED,0,0,0.27,
lens_blur,arithmetic,Halide_add_to_mul,lens_blur_generator.cpp,284,105,before,OK,1,1,OK,SURVIVED,SURVIVED,0,0,0.29,
lens_blur,arithmetic,Halide_add_to_mul,lens_blur_generator.cpp,284,122,before,OK,1,1,OK,SURVIVED,SURVIVED,0,0,0.56,
lens_blur,arithmetic,Halide_add_to_mul,lens_blur_generator.cpp,292,46,before,OK,1,1,OK,SURVIVED,SURVIVED,0,0,0.42,
lens_blur,arithmetic,Halide_add_to_mul,lens_blur_generator.cpp,292,67,before,OK,1,1,OK,SURVIVED,SURVIVED,0,0,0.29,
lens_blur,arithmetic,Halide_add_to_mul,lens_blur_generator.cpp,293,51,before,OK,1,1,OK,SURVIVED,SURVIVED,0,0,0.44,
lens_blur,arithmetic,Halide_add_to_mul,lens_blur_generator.cpp,293,69,before,OK,1,1,OK,SURVIVED,SURVIVED,0,0,0.29,
lens_blur,arithmetic,Halide_add_to_sub,lens_blur_generator.cpp,33,60,before,OK,1,1,OK,SURVIVED,SURVIVED,0,0,0.30,
lens_blur,arithmetic,Halide_add_to_sub,lens_blur_generator.cpp,34,60,before,OK,1,1,OK,SURVIVED,SURVIVED,0,0,0.30,
lens_blur,arithmetic,Halide_add_to_sub,lens_blur_generator.cpp,34,68,before,OK,1,1,OK,SURVIVED,SURVIVED,0,0,0.29,
lens_blur,arithmetic,Halide_add_to_sub,lens_blur_generator.cpp,37,64,before,OK,1,1,OK,SURVIVED,KILLED,1,0,0.29,
lens_blur,arithmetic,Halide_add_to_sub,lens_blur_generator.cpp,38,64,before,OK,1,1,OK,SURVIVED,KILLED,1,0,0.29,
lens_blur,arithmetic,Halide_add_to_sub,lens_blur_generator.cpp,97,66,before,OK,1,1,OK,SURVIVED,SURVIVED,0,0,0.30,
lens_blur,arithmetic,Halide_add_to_sub,lens_blur_generator.cpp,98,73,before,OK,1,1,OK,SURVIVED,SURVIVED,0,0,0.29,
lens_blur,arithmetic,Halide_add_to_sub,lens_blur_generator.cpp,99,81,before,OK,1,1,OK,SURVIVED,SURVIVED,0,0,0.29,
lens_blur,arithmetic,Halide_add_to_sub,lens_blur_generator.cpp,125,27,before,OK,1,1,OK,SURVIVED,SURVIVED,0,0,0.29,
lens_blur,arithmetic,Halide_add_to_sub,lens_blur_generator.cpp,125,52,before,OK,1,1,OK,SURVIVED,SURVIVED,0,0,0.29,
lens_blur,arithmetic,Halide_add_to_sub,lens_blur_generator.cpp,126,46,before,OK,1,1,OK,SURVIVED,KILLED,1,0,0.29,
lens_blur,arithmetic,Halide_add_to_sub,lens_blur_generator.cpp,147,22,before,OK,1,1,OK,SURVIVED,KILLED,1,0,0.29,
lens_blur,arithmetic,Halide_add_to_sub,lens_blur_generator.cpp,148,22,before,OK,1,1,OK,SURVIVED,KILLED,1,0,0.29,
lens_blur,arithmetic,Halide_add_to_sub,lens_blur_generator.cpp,283,46,before,OK,1,1,OK,SURVIVED,KILLED,1,0,0.29,
lens_blur,arithmetic,Halide_add_to_sub,lens_blur_generator.cpp,283,71,before,OK,1,1,OK,SURVIVED,KILLED,1,0,0.29,
lens_blur,arithmetic,Halide_add_to_sub,lens_blur_generator.cpp,283,81,before,OK,1,1,OK,SURVIVED,SURVIVED,0,0,0.27,
lens_blur,arithmetic,Halide_add_to_sub,lens_blur_generator.cpp,283,93,before,OK,1,1,OK,SURVIVED,KILLED,1,0,0.29,
lens_blur,arithmetic,Halide_add_to_sub,lens_blur_generator.cpp,283,103,before,OK,1,1,OK,SURVIVED,SURVIVED,0,0,0.29,
lens_blur,arithmetic,Halide_add_to_sub,lens_blur_generator.cpp,284,50,before,OK,1,1,OK,SURVIVED,KILLED,1,0,0.29,
lens_blur,arithmetic,Halide_add_to_sub,lens_blur_generator.cpp,284,79,before,OK,1,1,OK,SURVIVED,KILLED,1,0,0.27,
lens_blur,arithmetic,Halide_add_to_sub,lens_blur_generator.cpp,284,96,before,OK,1,1,OK,SURVIVED,SURVIVED,0,0,0.27,
lens_blur,arithmetic,Halide_add_to_sub,lens_blur_generator.cpp,284,105,before,OK,1,1,OK,SURVIVED,KILLED,1,0,0.29,
lens_blur,arithmetic,Halide_add_to_sub,lens_blur_generator.cpp,284,122,before,OK,1,1,OK,SURVIVED,SURVIVED,0,0,0.29,
lens_blur,arithmetic,Halide_add_to_sub,lens_blur_generator.cpp,292,46,before,OK,1,1,OK,SURVIVED,SURVIVED,0,0,0.29,
lens_blur,arithmetic,Halide_add_to_sub,lens_blur_generator.cpp,292,67,before,OK,1,1,OK,SURVIVED,KILLED,1,0,0.29,
lens_blur,arithmetic,Halide_add_to_sub,lens_blur_generator.cpp,293,51,before,OK,1,1,OK,SURVIVED,SURVIVED,0,0,0.29,
lens_blur,arithmetic,Halide_add_to_sub,lens_blur_generator.cpp,293,69,before,OK,1,1,OK,SURVIVED,KILLED,1,0,0.27,
lens_blur,arithmetic,Halide_div_to_add,lens_blur_generator.cpp,46,49,before,OK,1,1,OK,SURVIVED,SURVIVED,0,0,0.29,
lens_blur,arithmetic,Halide_div_to_add,lens_blur_generator.cpp,47,44,before,OK,1,1,OK,SURVIVED,SURVIVED,0,0,0.29,
lens_blur,arithmetic,Halide_div_to_add,lens_blur_generator.cpp,75,68,before,OK,1,1,OK,SURVIVED,SURVIVED,0,0,0.29,
lens_blur,arithmetic,Halide_div_to_add,lens_blur_generator.cpp,152,42,before,OK,1,1,OK,SURVIVED,KILLED,1,0,0.36,
lens_blur,arithmetic,Halide_div_to_add,lens_blur_generator.cpp,283,115,before,OK,0,0,OK,NOT_RUN,NOT_RUN,0,,0.00,equivalent at this target (emitted .stmt unchanged)
lens_blur,arithmetic,Halide_div_to_add,lens_blur_generator.cpp,284,131,before,OK,0,0,OK,NOT_RUN,NOT_RUN,0,,0.00,equivalent at this target (emitted .stmt unchanged)
lens_blur,arithmetic,Halide_div_to_add,lens_blur_generator.cpp,292,37,before,OK,1,1,OK,SURVIVED,SURVIVED,0,0,0.38,
lens_blur,arithmetic,Halide_div_to_add,lens_blur_generator.cpp,292,81,before,OK,1,1,OK,SURVIVED,SURVIVED,0,0,0.40,
lens_blur,arithmetic,Halide_div_to_add,lens_blur_generator.cpp,293,42,before,OK,1,1,OK,SURVIVED,SURVIVED,0,0,0.45,
lens_blur,arithmetic,Halide_div_to_add,lens_blur_generator.cpp,293,88,before,OK,1,1,OK,SURVIVED,SURVIVED,0,0,0.44,
lens_blur,arithmetic,Halide_div_to_add,Halide.h,13294,25,before,OK,1,1,OK,SURVIVED,SURVIVED,0,0,0.29,
lens_blur,arithmetic,Halide_div_to_mul,lens_blur_generator.cpp,46,49,before,OK,1,1,OK,SURVIVED,SURVIVED,0,0,0.29,
lens_blur,arithmetic,Halide_div_to_mul,lens_blur_generator.cpp,47,44,before,OK,1,1,OK,SURVIVED,SURVIVED,0,0,0.27,
lens_blur,arithmetic,Halide_div_to_mul,lens_blur_generator.cpp,75,68,before,OK,1,1,OK,SURVIVED,SURVIVED,0,0,0.29,
lens_blur,arithmetic,Halide_div_to_mul,lens_blur_generator.cpp,152,42,before,OK,1,1,OK,SURVIVED,KILLED,1,0,0.29,
lens_blur,arithmetic,Halide_div_to_mul,lens_blur_generator.cpp,283,115,before,OK,0,0,OK,NOT_RUN,NOT_RUN,0,,0.00,equivalent at this target (emitted .stmt unchanged)
lens_blur,arithmetic,Halide_div_to_mul,lens_blur_generator.cpp,284,131,before,OK,0,0,OK,NOT_RUN,NOT_RUN,0,,0.00,equivalent at this target (emitted .stmt unchanged)
lens_blur,arithmetic,Halide_div_to_mul,lens_blur_generator.cpp,292,37,before,OK,1,1,OK,SURVIVED,SURVIVED,0,0,2.28,
lens_blur,arithmetic,Halide_div_to_mul,lens_blur_generator.cpp,292,81,before,OK,1,1,OK,SURVIVED,SURVIVED,0,0,2.26,
lens_blur,arithmetic,Halide_div_to_mul,lens_blur_generator.cpp,293,42,before,OK,1,1,OK,SURVIVED,SURVIVED,0,0,3.42,
lens_blur,arithmetic,Halide_div_to_mul,lens_blur_generator.cpp,293,88,before,OK,1,1,OK,SURVIVED,SURVIVED,0,0,3.44,
lens_blur,arithmetic,Halide_div_to_mul,Halide.h,13294,25,before,OK,1,1,OK,SURVIVED,SURVIVED,0,0,0.29,
lens_blur,arithmetic,Halide_div_to_sub,lens_blur_generator.cpp,46,49,before,OK,1,1,OK,SURVIVED,SURVIVED,0,0,0.29,
lens_blur,arithmetic,Halide_div_to_sub,lens_blur_generator.cpp,47,44,before,OK,1,1,OK,SURVIVED,SURVIVED,0,0,0.29,
lens_blur,arithmetic,Halide_div_to_sub,lens_blur_generator.cpp,75,68,before,OK,1,1,OK,SURVIVED,SURVIVED,0,0,0.28,
lens_blur,arithmetic,Halide_div_to_sub,lens_blur_generator.cpp,152,42,before,OK,1,1,OK,SURVIVED,KILLED,1,0,0.38,
lens_blur,arithmetic,Halide_div_to_sub,lens_blur_generator.cpp,283,115,before,OK,1,1,OK,SURVIVED,SURVIVED,0,0,0.29,
lens_blur,arithmetic,Halide_div_to_sub,lens_blur_generator.cpp,284,131,before,OK,1,1,OK,SURVIVED,SURVIVED,0,0,0.28,
lens_blur,arithmetic,Halide_div_to_sub,lens_blur_generator.cpp,292,37,before,OK,1,1,OK,SURVIVED,SURVIVED,0,0,0.38,
lens_blur,arithmetic,Halide_div_to_sub,lens_blur_generator.cpp,292,81,before,OK,1,1,OK,SURVIVED,SURVIVED,0,0,0.40,
lens_blur,arithmetic,Halide_div_to_sub,lens_blur_generator.cpp,293,42,before,OK,1,1,OK,SURVIVED,SURVIVED,0,0,0.45,
lens_blur,arithmetic,Halide_div_to_sub,lens_blur_generator.cpp,293,88,before,OK,1,1,OK,SURVIVED,SURVIVED,0,0,0.45,
lens_blur,arithmetic,Halide_div_to_sub,Halide.h,13294,25,before,OK,1,1,OK,SURVIVED,SURVIVED,0,0,0.29,
lens_blur,arithmetic,Halide_mul_to_add,lens_blur_generator.cpp,27,62,before,OK,1,1,OK,SURVIVED,SURVIVED,0,0,0.31,
lens_blur,arithmetic,Halide_mul_to_add,lens_blur_generator.cpp,33,64,before,OK,1,1,OK,SURVIVED,KILLED,1,0,0.29,
lens_blur,arithmetic,Halide_mul_to_add,lens_blur_generator.cpp,34,64,before,OK,1,1,OK,SURVIVED,SURVIVED,0,0,0.29,
lens_blur,arithmetic,Halide_mul_to_add,lens_blur_generator.cpp,56,35,before,OK,1,1,OK,SURVIVED,SURVIVED,0,0,0.29,
lens_blur,arithmetic,Halide_mul_to_add,lens_blur_generator.cpp,86,61,before,OK,1,1,OK,SURVIVED,KILLED,1,0,0.29,
lens_blur,arithmetic,Halide_mul_to_add,lens_blur_generator.cpp,97,44,before,OK,1,1,OK,SURVIVED,SURVIVED,0,0,0.29,
lens_blur,arithmetic,Halide_mul_to_add,lens_blur_generator.cpp,115,49,before,OK,1,1,OK,SURVIVED,KILLED,1,0,0.30,
lens_blur,arithmetic,Halide_mul_to_add,lens_blur_generator.cpp,115,53,before,OK,1,1,OK,SURVIVED,KILLED,1,0,0.29,
lens_blur,arithmetic,Halide_mul_to_add,lens_blur_generator.cpp,116,49,before,OK,1,1,OK,SURVIVED,KILLED,1,0,0.28,
lens_blur,arithmetic,Halide_mul_to_add,lens_blur_generator.cpp,116,53,before,OK,1,1,OK,SURVIVED,KILLED,1,0,0.28,
lens_blur,arithmetic,Halide_mul_to_add,lens_blur_generator.cpp,126,35,before,OK,1,1,OK,SURVIVED,KILLED,1,0,0.29,
lens_blur,arithmetic,Halide_mul_to_add,lens_blur_generator.cpp,126,57,before,OK,1,1,OK,SURVIVED,KILLED,1,0,0.29,
lens_blur,arithmetic,Halide_mul_to_add,lens_blur_generator.cpp,149,51,before,OK,1,1,OK,SURVIVED,KILLED,1,0,0.29,
lens_blur,arithmetic,Halide_mul_to_add,lens_blur_generator.cpp,283,31,before,OK,1,1,OK,SURVIVED,SURVIVED,0,0,0.27,
lens_blur,arithmetic,Halide_mul_to_add,lens_blur_generator.cpp,283,53,before,OK,0,0,OK,NOT_RUN,NOT_RUN,0,,0.00,equivalent at this target (emitted .stmt unchanged)
lens_blur,arithmetic,Halide_mul_to_add,lens_blur_generator.cpp,283,60,before,OK,1,1,OK,SURVIVED,SURVIVED,0,0,0.29,
lens_blur,arithmetic,Halide_mul_to_add,lens_blur_generator.cpp,283,77,before,OK,1,1,OK,SURVIVED,SURVIVED,0,0,0.29,
lens_blur,arithmetic,Halide_mul_to_add,lens_blur_generator.cpp,283,99,before,OK,1,1,OK,SURVIVED,SURVIVED,0,0,0.29,
lens_blur,arithmetic,Halide_mul_to_add,lens_blur_generator.cpp,284,38,before,OK,1,1,OK,SURVIVED,SURVIVED,0,0,0.29,
lens_blur,arithmetic,Halide_mul_to_add,lens_blur_generator.cpp,284,57,before,OK,0,0,OK,NOT_RUN,NOT_RUN,0,,0.00,equivalent at this target (emitted .stmt unchanged)
lens_blur,arithmetic,Halide_mul_to_add,lens_blur_generator.cpp,284,71,before,OK,1,1,OK,SURVIVED,SURVIVED,0,0,0.27,
lens_blur,arithmetic,Halide_mul_to_add,lens_blur_generator.cpp,284,92,before,OK,1,1,OK,SURVIVED,SURVIVED,0,0,0.29,
lens_blur,arithmetic,Halide_mul_to_add,lens_blur_generator.cpp,284,118,before,OK,1,1,OK,SURVIVED,SURVIVED,0,0,0.29,
lens_blur,arithmetic,Halide_mul_to_add,lens_blur_generator.cpp,292,30,before,OK,0,0,OK,NOT_RUN,NOT_RUN,0,,0.00,equivalent at this target (emitted .stmt unchanged)
lens_blur,arithmetic,Halide_mul_to_add,lens_blur_generator.cpp,292,50,before,OK,1,1,OK,SURVIVED,SURVIVED,0,0,0.26,
lens_blur,arithmetic,Halide_mul_to_add,lens_blur_generator.cpp,292,75,before,OK,0,0,OK,NOT_RUN,NOT_RUN,0,,0.00,equivalent at this target (emitted .stmt unchanged)
lens_blur,arithmetic,Halide_mul_to_add,lens_blur_generator.cpp,293,30,before,OK,0,0,OK,NOT_RUN,NOT_RUN,0,,0.00,equivalent at this target (emitted .stmt unchanged)
lens_blur,arithmetic,Halide_mul_to_add,lens_blur_generator.cpp,293,55,before,OK,1,1,OK,SURVIVED,SURVIVED,0,0,0.29,
lens_blur,arithmetic,Halide_mul_to_add,lens_blur_generator.cpp,293,77,before,OK,0,0,OK,NOT_RUN,NOT_RUN,0,,0.00,equivalent at this target (emitted .stmt unchanged)
lens_blur,arithmetic,Halide_mul_to_add,Halide.h,13291,20,before,OK,1,1,OK,SURVIVED,SURVIVED,0,0,0.29,
lens_blur,arithmetic,Halide_mul_to_div,lens_blur_generator.cpp,27,62,before,OK,1,1,OK,SURVIVED,SURVIVED,0,0,0.35,
lens_blur,arithmetic,Halide_mul_to_div,lens_blur_generator.cpp,33,64,before,OK,1,1,OK,SURVIVED,SURVIVED,0,0,0.28,
lens_blur,arithmetic,Halide_mul_to_div,lens_blur_generator.cpp,34,64,before,OK,1,1,OK,SURVIVED,SURVIVED,0,0,0.29,
lens_blur,arithmetic,Halide_mul_to_div,lens_blur_generator.cpp,56,35,before,OK,1,1,OK,SURVIVED,SURVIVED,0,0,0.29,
lens_blur,arithmetic,Halide_mul_to_div,lens_blur_generator.cpp,86,61,before,OK,1,1,OK,SURVIVED,KILLED,1,0,0.29,
lens_blur,arithmetic,Halide_mul_to_div,lens_blur_generator.cpp,97,44,before,OK,1,1,OK,SURVIVED,SURVIVED,0,0,0.28,
lens_blur,arithmetic,Halide_mul_to_div,lens_blur_generator.cpp,115,49,before,OK,1,1,OK,SURVIVED,KILLED,1,0,0.29,
lens_blur,arithmetic,Halide_mul_to_div,lens_blur_generator.cpp,115,53,before,OK,1,1,OK,SURVIVED,KILLED,1,0,0.30,
lens_blur,arithmetic,Halide_mul_to_div,lens_blur_generator.cpp,116,49,before,OK,1,1,OK,SURVIVED,KILLED,1,0,0.29,
lens_blur,arithmetic,Halide_mul_to_div,lens_blur_generator.cpp,116,53,before,OK,1,1,OK,SURVIVED,KILLED,1,0,0.28,
lens_blur,arithmetic,Halide_mul_to_div,lens_blur_generator.cpp,126,35,before,OK,1,1,OK,SURVIVED,KILLED,1,0,0.29,
lens_blur,arithmetic,Halide_mul_to_div,lens_blur_generator.cpp,126,57,before,OK,1,1,OK,SURVIVED,KILLED,1,0,0.29,
lens_blur,arithmetic,Halide_mul_to_div,lens_blur_generator.cpp,149,51,before,OK,1,1,OK,SURVIVED,KILLED,1,0,0.29,
lens_blur,arithmetic,Halide_mul_to_div,lens_blur_generator.cpp,283,31,before,OK,1,1,OK,SURVIVED,SURVIVED,0,0,0.30,
lens_blur,arithmetic,Halide_mul_to_div,lens_blur_generator.cpp,283,53,before,OK,0,0,OK,NOT_RUN,NOT_RUN,0,,0.00,equivalent at this target (emitted .stmt unchanged)
lens_blur,arithmetic,Halide_mul_to_div,lens_blur_generator.cpp,283,60,before,OK,1,1,OK,SURVIVED,SURVIVED,0,0,0.30,
lens_blur,arithmetic,Halide_mul_to_div,lens_blur_generator.cpp,283,77,before,OK,1,1,OK,SURVIVED,SURVIVED,0,0,0.30,
lens_blur,arithmetic,Halide_mul_to_div,lens_blur_generator.cpp,283,99,before,OK,1,1,OK,SURVIVED,SURVIVED,0,0,0.29,
lens_blur,arithmetic,Halide_mul_to_div,lens_blur_generator.cpp,284,38,before,OK,1,1,OK,SURVIVED,SURVIVED,0,0,0.29,
lens_blur,arithmetic,Halide_mul_to_div,lens_blur_generator.cpp,284,57,before,OK,0,0,OK,NOT_RUN,NOT_RUN,0,,0.00,equivalent at this target (emitted .stmt unchanged)
lens_blur,arithmetic,Halide_mul_to_div,lens_blur_generator.cpp,284,71,before,OK,1,1,OK,SURVIVED,SURVIVED,0,0,0.29,
lens_blur,arithmetic,Halide_mul_to_div,lens_blur_generator.cpp,284,92,before,OK,1,1,OK,SURVIVED,SURVIVED,0,0,0.29,
lens_blur,arithmetic,Halide_mul_to_div,lens_blur_generator.cpp,284,118,before,OK,1,1,OK,SURVIVED,SURVIVED,0,0,0.29,
lens_blur,arithmetic,Halide_mul_to_div,lens_blur_generator.cpp,292,30,before,OK,0,0,OK,NOT_RUN,NOT_RUN,0,,0.00,equivalent at this target (emitted .stmt unchanged)
lens_blur,arithmetic,Halide_mul_to_div,lens_blur_generator.cpp,292,50,before,OK,1,1,OK,SURVIVED,SURVIVED,0,0,0.28,
lens_blur,arithmetic,Halide_mul_to_div,lens_blur_generator.cpp,292,75,before,OK,0,0,OK,NOT_RUN,NOT_RUN,0,,0.00,equivalent at this target (emitted .stmt unchanged)
lens_blur,arithmetic,Halide_mul_to_div,lens_blur_generator.cpp,293,30,before,OK,0,0,OK,NOT_RUN,NOT_RUN,0,,0.00,equivalent at this target (emitted .stmt unchanged)
lens_blur,arithmetic,Halide_mul_to_div,lens_blur_generator.cpp,293,55,before,OK,1,1,OK,SURVIVED,SURVIVED,0,0,0.29,
lens_blur,arithmetic,Halide_mul_to_div,lens_blur_generator.cpp,293,77,before,OK,0,0,OK,NOT_RUN,NOT_RUN,0,,0.00,equivalent at this target (emitted .stmt unchanged)
lens_blur,arithmetic,Halide_mul_to_div,Halide.h,13291,20,before,OK,1,1,OK,SURVIVED,SURVIVED,0,0,0.31,
lens_blur,arithmetic,Halide_mul_to_sub,lens_blur_generator.cpp,27,62,before,OK,1,1,OK,SURVIVED,SURVIVED,0,0,0.29,
lens_blur,arithmetic,Halide_mul_to_sub,lens_blur_generator.cpp,33,64,before,OK,1,1,OK,SURVIVED,KILLED,1,0,0.29,
lens_blur,arithmetic,Halide_mul_to_sub,lens_blur_generator.cpp,34,64,before,OK,1,1,OK,SURVIVED,SURVIVED,0,0,0.28,
lens_blur,arithmetic,Halide_mul_to_sub,lens_blur_generator.cpp,56,35,before,OK,1,1,OK,SURVIVED,SURVIVED,0,0,0.29,
lens_blur,arithmetic,Halide_mul_to_sub,lens_blur_generator.cpp,86,61,before,OK,1,1,OK,SURVIVED,KILLED,1,0,0.28,
lens_blur,arithmetic,Halide_mul_to_sub,lens_blur_generator.cpp,97,44,before,OK,1,1,OK,SURVIVED,KILLED,1,0,0.27,
lens_blur,arithmetic,Halide_mul_to_sub,lens_blur_generator.cpp,115,49,before,OK,1,1,OK,SURVIVED,KILLED,1,0,0.30,
lens_blur,arithmetic,Halide_mul_to_sub,lens_blur_generator.cpp,115,53,before,OK,1,1,OK,SURVIVED,KILLED,1,0,0.29,
lens_blur,arithmetic,Halide_mul_to_sub,lens_blur_generator.cpp,116,49,before,OK,1,1,OK,SURVIVED,KILLED,1,0,0.28,
lens_blur,arithmetic,Halide_mul_to_sub,lens_blur_generator.cpp,116,53,before,OK,1,1,OK,SURVIVED,KILLED,1,0,0.27,
lens_blur,arithmetic,Halide_mul_to_sub,lens_blur_generator.cpp,126,35,before,OK,1,1,OK,SURVIVED,KILLED,1,0,0.29,
lens_blur,arithmetic,Halide_mul_to_sub,lens_blur_generator.cpp,126,57,before,OK,1,1,OK,SURVIVED,KILLED,1,0,0.29,
lens_blur,arithmetic,Halide_mul_to_sub,lens_blur_generator.cpp,149,51,before,OK,1,1,OK,SURVIVED,KILLED,1,0,0.29,
lens_blur,arithmetic,Halide_mul_to_sub,lens_blur_generator.cpp,283,31,before,OK,1,1,OK,SURVIVED,SURVIVED,0,0,0.33,
lens_blur,arithmetic,Halide_mul_to_sub,lens_blur_generator.cpp,283,53,before,OK,0,0,OK,NOT_RUN,NOT_RUN,0,,0.00,equivalent at this target (emitted .stmt unchanged)
lens_blur,arithmetic,Halide_mul_to_sub,lens_blur_generator.cpp,283,60,before,OK,1,1,OK,SURVIVED,SURVIVED,0,0,0.34,
lens_blur,arithmetic,Halide_mul_to_sub,lens_blur_generator.cpp,283,77,before,OK,1,1,OK,SURVIVED,SURVIVED,0,0,0.35,
lens_blur,arithmetic,Halide_mul_to_sub,lens_blur_generator.cpp,283,99,before,OK,1,1,OK,SURVIVED,SURVIVED,0,0,0.36,
lens_blur,arithmetic,Halide_mul_to_sub,lens_blur_generator.cpp,284,38,before,OK,1,1,OK,SURVIVED,SURVIVED,0,0,0.33,
lens_blur,arithmetic,Halide_mul_to_sub,lens_blur_generator.cpp,284,57,before,OK,0,0,OK,NOT_RUN,NOT_RUN,0,,0.00,equivalent at this target (emitted .stmt unchanged)
lens_blur,arithmetic,Halide_mul_to_sub,lens_blur_generator.cpp,284,71,before,OK,1,1,OK,SURVIVED,SURVIVED,0,0,0.32,
lens_blur,arithmetic,Halide_mul_to_sub,lens_blur_generator.cpp,284,92,before,OK,1,1,OK,SURVIVED,SURVIVED,0,0,0.34,
lens_blur,arithmetic,Halide_mul_to_sub,lens_blur_generator.cpp,284,118,before,OK,1,1,OK,SURVIVED,SURVIVED,0,0,0.35,
lens_blur,arithmetic,Halide_mul_to_sub,lens_blur_generator.cpp,292,30,before,OK,0,0,OK,NOT_RUN,NOT_RUN,0,,0.00,equivalent at this target (emitted .stmt unchanged)
lens_blur,arithmetic,Halide_mul_to_sub,lens_blur_generator.cpp,292,50,before,OK,1,1,OK,SURVIVED,SURVIVED,0,0,0.28,
lens_blur,arithmetic,Halide_mul_to_sub,lens_blur_generator.cpp,292,75,before,OK,0,0,OK,NOT_RUN,NOT_RUN,0,,0.00,equivalent at this target (emitted .stmt unchanged)
lens_blur,arithmetic,Halide_mul_to_sub,lens_blur_generator.cpp,293,30,before,OK,0,0,OK,NOT_RUN,NOT_RUN,0,,0.00,equivalent at this target (emitted .stmt unchanged)
lens_blur,arithmetic,Halide_mul_to_sub,lens_blur_generator.cpp,293,55,before,OK,1,1,OK,SURVIVED,SURVIVED,0,0,0.28,
lens_blur,arithmetic,Halide_mul_to_sub,lens_blur_generator.cpp,293,77,before,OK,0,0,OK,NOT_RUN,NOT_RUN,0,,0.00,equivalent at this target (emitted .stmt unchanged)
lens_blur,arithmetic,Halide_mul_to_sub,Halide.h,13291,20,before,OK,1,1,OK,SURVIVED,KILLED,1,0,0.28,
lens_blur,arithmetic,Halide_sub_to_add,lens_blur_generator.cpp,27,34,before,OK,1,1,OK,SURVIVED,SURVIVED,0,0,0.29,
lens_blur,arithmetic,Halide_sub_to_add,lens_blur_generator.cpp,48,39,before,OK,1,1,OK,SURVIVED,SURVIVED,0,0,0.27,
lens_blur,arithmetic,Halide_sub_to_add,lens_blur_generator.cpp,86,46,before,OK,1,1,OK,SURVIVED,SURVIVED,0,0,0.27,
lens_blur,arithmetic,Halide_sub_to_add,lens_blur_generator.cpp,115,41,before,OK,0,0,OK,NOT_RUN,NOT_RUN,0,,0.00,equivalent at this target (emitted .stmt unchanged)
lens_blur,arithmetic,Halide_sub_to_add,lens_blur_generator.cpp,116,41,before,OK,0,0,OK,NOT_RUN,NOT_RUN,0,,0.00,equivalent at this target (emitted .stmt unchanged)
lens_blur,arithmetic,Halide_sub_to_add,lens_blur_generator.cpp,283,35,before,OK,1,1,OK,SURVIVED,SURVIVED,0,0,0.26,
lens_blur,arithmetic,Halide_sub_to_add,lens_blur_generator.cpp,284,42,before,OK,1,1,OK,SURVIVED,SURVIVED,0,0,0.26,
lens_blur,arithmetic,Halide_sub_to_add,lens_blur_generator.cpp,292,42,before,OK,1,1,OK,SURVIVED,SURVIVED,0,0,0.28,
lens_blur,arithmetic,Halide_sub_to_add,lens_blur_generator.cpp,293,47,before,OK,1,1,OK,SURVIVED,SURVIVED,0,0,0.27,
lens_blur,arithmetic,Halide_sub_to_add,Halide.h,13282,25,before,OK,1,1,OK,SURVIVED,KILLED,1,0,0.28,
lens_blur,arithmetic,Halide_sub_to_div,lens_blur_generator.cpp,27,34,before,OK,1,1,OK,SURVIVED,SURVIVED,0,0,0.24,
lens_blur,arithmetic,Halide_sub_to_div,lens_blur_generator.cpp,48,39,before,OK,1,1,OK,SURVIVED,SURVIVED,0,0,0.29,
lens_blur,arithmetic,Halide_sub_to_div,lens_blur_generator.cpp,86,46,before,OK,1,1,OK,SURVIVED,KILLED,1,0,0.31,
lens_blur,arithmetic,Halide_sub_to_div,lens_blur_generator.cpp,115,41,before,OK,1,1,OK,SURVIVED,KILLED,1,0,0.29,
lens_blur,arithmetic,Halide_sub_to_div,lens_blur_generator.cpp,116,41,before,OK,1,1,OK,SURVIVED,KILLED,1,0,0.28,
lens_blur,arithmetic,Halide_sub_to_div,lens_blur_generator.cpp,283,35,before,OK,1,1,OK,SURVIVED,SURVIVED,0,0,0.27,
lens_blur,arithmetic,Halide_sub_to_div,lens_blur_generator.cpp,284,42,before,OK,1,1,OK,SURVIVED,SURVIVED,0,0,0.27,
lens_blur,arithmetic,Halide_sub_to_div,lens_blur_generator.cpp,292,42,before,OK,1,1,OK,SURVIVED,SURVIVED,0,0,0.29,
lens_blur,arithmetic,Halide_sub_to_div,lens_blur_generator.cpp,293,47,before,OK,1,1,OK,SURVIVED,SURVIVED,0,0,0.28,
lens_blur,arithmetic,Halide_sub_to_div,Halide.h,13282,25,before,OK,1,1,OK,SURVIVED,KILLED,1,0,0.29,
lens_blur,arithmetic,Halide_sub_to_mul,lens_blur_generator.cpp,27,34,before,OK,1,1,OK,SURVIVED,SURVIVED,0,0,1.73,
lens_blur,arithmetic,Halide_sub_to_mul,lens_blur_generator.cpp,48,39,before,OK,1,1,OK,SURVIVED,SURVIVED,0,0,0.29,
lens_blur,arithmetic,Halide_sub_to_mul,lens_blur_generator.cpp,86,46,before,OK,1,1,OK,SURVIVED,KILLED,1,0,0.29,
lens_blur,arithmetic,Halide_sub_to_mul,lens_blur_generator.cpp,115,41,before,OK,0,0,OK,NOT_RUN,NOT_RUN,0,,0.00,equivalent at this target (emitted .stmt unchanged)
lens_blur,arithmetic,Halide_sub_to_mul,lens_blur_generator.cpp,116,41,before,OK,0,0,OK,NOT_RUN,NOT_RUN,0,,0.00,equivalent at this target (emitted .stmt unchanged)
lens_blur,arithmetic,Halide_sub_to_mul,lens_blur_generator.cpp,283,35,before,OK,1,1,OK,SURVIVED,SURVIVED,0,0,0.27,
lens_blur,arithmetic,Halide_sub_to_mul,lens_blur_generator.cpp,284,42,before,OK,1,1,OK,SURVIVED,SURVIVED,0,0,0.27,
lens_blur,arithmetic,Halide_sub_to_mul,lens_blur_generator.cpp,292,42,before,OK,1,1,OK,SURVIVED,SURVIVED,0,0,0.29,
lens_blur,arithmetic,Halide_sub_to_mul,lens_blur_generator.cpp,293,47,before,OK,1,1,OK,SURVIVED,SURVIVED,0,0,0.29,
lens_blur,arithmetic,Halide_sub_to_mul,Halide.h,13282,25,before,OK,1,1,OK,SURVIVED,KILLED,1,0,0.29,
lens_blur,arithmetic,Halide_add_to_div,lens_blur_generator.cpp,33,60,after,OK,1,1,OK,SURVIVED,KILLED,1,0,0.02,
lens_blur,arithmetic,Halide_add_to_div,lens_blur_generator.cpp,34,60,after,OK,1,1,OK,SURVIVED,KILLED,1,0,0.02,
lens_blur,arithmetic,Halide_add_to_div,lens_blur_generator.cpp,34,68,after,OK,1,1,OK,SURVIVED,KILLED,1,0,0.01,
lens_blur,arithmetic,Halide_add_to_div,lens_blur_generator.cpp,37,64,after,OK,1,1,OK,SURVIVED,KILLED,1,0,0.02,
lens_blur,arithmetic,Halide_add_to_div,lens_blur_generator.cpp,38,64,after,OK,1,1,OK,SURVIVED,KILLED,1,0,0.02,
lens_blur,arithmetic,Halide_add_to_div,lens_blur_generator.cpp,97,66,after,OK,1,1,OK,SURVIVED,KILLED,1,0,0.02,
lens_blur,arithmetic,Halide_add_to_div,lens_blur_generator.cpp,98,73,after,OK,1,1,OK,SURVIVED,KILLED,1,0,0.02,
lens_blur,arithmetic,Halide_add_to_div,lens_blur_generator.cpp,99,81,after,OK,1,1,OK,SURVIVED,KILLED,1,0,0.02,
lens_blur,arithmetic,Halide_add_to_div,lens_blur_generator.cpp,125,27,after,OK,1,1,OK,SURVIVED,KILLED,1,0,0.02,
lens_blur,arithmetic,Halide_add_to_div,lens_blur_generator.cpp,125,52,after,OK,1,1,OK,SURVIVED,KILLED,1,0,0.02,
lens_blur,arithmetic,Halide_add_to_div,lens_blur_generator.cpp,126,46,after,OK,1,1,OK,SURVIVED,KILLED,1,0,0.02,
lens_blur,arithmetic,Halide_add_to_div,lens_blur_generator.cpp,147,22,after,OK,1,1,OK,SURVIVED,KILLED,1,0,0.02,
lens_blur,arithmetic,Halide_add_to_div,lens_blur_generator.cpp,148,22,after,OK,1,1,OK,SURVIVED,KILLED,1,0,0.02,
lens_blur,arithmetic,Halide_add_to_div,lens_blur_generator.cpp,283,46,after,OK,1,1,OK,SURVIVED,KILLED,1,0,0.02,
lens_blur,arithmetic,Halide_add_to_div,lens_blur_generator.cpp,283,71,after,OK,1,1,OK,SURVIVED,KILLED,1,0,0.02,
lens_blur,arithmetic,Halide_add_to_div,lens_blur_generator.cpp,283,81,after,OK,1,1,OK,SURVIVED,KILLED,1,0,0.02,
lens_blur,arithmetic,Halide_add_to_div,lens_blur_generator.cpp,283,93,after,OK,1,1,OK,SURVIVED,KILLED,1,0,0.02,
lens_blur,arithmetic,Halide_add_to_div,lens_blur_generator.cpp,283,103,after,OK,1,1,OK,SURVIVED,KILLED,1,0,0.02,
lens_blur,arithmetic,Halide_add_to_div,lens_blur_generator.cpp,284,50,after,OK,1,1,OK,SURVIVED,KILLED,1,0,0.02,
lens_blur,arithmetic,Halide_add_to_div,lens_blur_generator.cpp,284,79,after,OK,1,1,OK,SURVIVED,KILLED,1,0,0.02,
lens_blur,arithmetic,Halide_add_to_div,lens_blur_generator.cpp,284,96,after,OK,1,1,OK,SURVIVED,KILLED,1,0,0.02,
lens_blur,arithmetic,Halide_add_to_div,lens_blur_generator.cpp,284,105,after,OK,1,1,OK,SURVIVED,KILLED,1,0,0.02,
lens_blur,arithmetic,Halide_add_to_div,lens_blur_generator.cpp,284,122,after,OK,1,1,OK,SURVIVED,KILLED,1,0,0.02,
lens_blur,arithmetic,Halide_add_to_div,lens_blur_generator.cpp,292,46,after,OK,1,1,OK,SURVIVED,KILLED,1,0,0.02,
lens_blur,arithmetic,Halide_add_to_div,lens_blur_generator.cpp,292,67,after,OK,1,1,OK,SURVIVED,KILLED,1,0,0.02,
lens_blur,arithmetic,Halide_add_to_div,lens_blur_generator.cpp,293,51,after,OK,1,1,OK,SURVIVED,KILLED,1,0,0.02,
lens_blur,arithmetic,Halide_add_to_div,lens_blur_generator.cpp,293,69,after,OK,1,1,OK,SURVIVED,KILLED,1,0,0.02,
lens_blur,arithmetic,Halide_add_to_mul,lens_blur_generator.cpp,33,60,after,OK,1,1,OK,SURVIVED,KILLED,1,0,0.02,
lens_blur,arithmetic,Halide_add_to_mul,lens_blur_generator.cpp,34,60,after,OK,1,1,OK,SURVIVED,KILLED,1,0,0.02,
lens_blur,arithmetic,Halide_add_to_mul,lens_blur_generator.cpp,34,68,after,OK,1,1,OK,SURVIVED,KILLED,1,0,0.02,
lens_blur,arithmetic,Halide_add_to_mul,lens_blur_generator.cpp,37,64,after,OK,1,1,OK,SURVIVED,KILLED,1,0,0.02,
lens_blur,arithmetic,Halide_add_to_mul,lens_blur_generator.cpp,38,64,after,OK,1,1,OK,SURVIVED,KILLED,1,0,0.02,
lens_blur,arithmetic,Halide_add_to_mul,lens_blur_generator.cpp,97,66,after,OK,1,1,OK,SURVIVED,KILLED,1,0,0.02,
lens_blur,arithmetic,Halide_add_to_mul,lens_blur_generator.cpp,98,73,after,OK,1,1,OK,SURVIVED,KILLED,1,0,0.14,
lens_blur,arithmetic,Halide_add_to_mul,lens_blur_generator.cpp,99,81,after,OK,1,1,OK,SURVIVED,KILLED,1,0,0.15,
lens_blur,arithmetic,Halide_add_to_mul,lens_blur_generator.cpp,125,27,after,OK,1,1,OK,SURVIVED,KILLED,1,0,0.15,
lens_blur,arithmetic,Halide_add_to_mul,lens_blur_generator.cpp,125,52,after,OK,1,1,OK,SURVIVED,KILLED,1,0,0.14,
lens_blur,arithmetic,Halide_add_to_mul,lens_blur_generator.cpp,126,46,after,OK,1,1,OK,SURVIVED,KILLED,1,0,0.02,
lens_blur,arithmetic,Halide_add_to_mul,lens_blur_generator.cpp,147,22,after,OK,1,1,OK,SURVIVED,KILLED,1,0,0.02,
lens_blur,arithmetic,Halide_add_to_mul,lens_blur_generator.cpp,148,22,after,OK,1,1,OK,SURVIVED,KILLED,1,0,0.02,
lens_blur,arithmetic,Halide_add_to_mul,lens_blur_generator.cpp,283,46,after,OK,1,1,OK,SURVIVED,KILLED,1,0,0.02,
lens_blur,arithmetic,Halide_add_to_mul,lens_blur_generator.cpp,283,71,after,OK,1,1,OK,SURVIVED,KILLED,1,0,0.02,
lens_blur,arithmetic,Halide_add_to_mul,lens_blur_generator.cpp,283,81,after,OK,1,1,OK,SURVIVED,KILLED,1,0,0.02,
lens_blur,arithmetic,Halide_add_to_mul,lens_blur_generator.cpp,283,93,after,OK,1,1,OK,SURVIVED,KILLED,1,0,0.02,
lens_blur,arithmetic,Halide_add_to_mul,lens_blur_generator.cpp,283,103,after,OK,1,1,OK,SURVIVED,KILLED,1,0,0.02,
lens_blur,arithmetic,Halide_add_to_mul,lens_blur_generator.cpp,284,50,after,OK,1,1,OK,SURVIVED,KILLED,1,0,0.02,
lens_blur,arithmetic,Halide_add_to_mul,lens_blur_generator.cpp,284,79,after,OK,1,1,OK,SURVIVED,KILLED,1,0,0.02,
lens_blur,arithmetic,Halide_add_to_mul,lens_blur_generator.cpp,284,96,after,OK,1,1,OK,SURVIVED,KILLED,1,0,0.02,
lens_blur,arithmetic,Halide_add_to_mul,lens_blur_generator.cpp,284,105,after,OK,1,1,OK,SURVIVED,KILLED,1,0,0.02,
lens_blur,arithmetic,Halide_add_to_mul,lens_blur_generator.cpp,284,122,after,OK,1,1,OK,SURVIVED,KILLED,1,0,0.02,
lens_blur,arithmetic,Halide_add_to_mul,lens_blur_generator.cpp,292,46,after,OK,1,1,OK,SURVIVED,KILLED,1,0,0.02,
lens_blur,arithmetic,Halide_add_to_mul,lens_blur_generator.cpp,292,67,after,OK,1,1,OK,SURVIVED,KILLED,1,0,0.02,
lens_blur,arithmetic,Halide_add_to_mul,lens_blur_generator.cpp,293,51,after,OK,1,1,OK,SURVIVED,KILLED,1,0,0.02,
lens_blur,arithmetic,Halide_add_to_mul,lens_blur_generator.cpp,293,69,after,OK,1,1,OK,SURVIVED,KILLED,1,0,0.02,
lens_blur,arithmetic,Halide_add_to_sub,lens_blur_generator.cpp,33,60,after,OK,1,1,OK,SURVIVED,KILLED,1,0,0.02,
lens_blur,arithmetic,Halide_add_to_sub,lens_blur_generator.cpp,34,60,after,OK,1,1,OK,SURVIVED,KILLED,1,0,0.02,
lens_blur,arithmetic,Halide_add_to_sub,lens_blur_generator.cpp,34,68,after,OK,1,1,OK,SURVIVED,KILLED,1,0,0.02,
lens_blur,arithmetic,Halide_add_to_sub,lens_blur_generator.cpp,37,64,after,OK,1,1,OK,SURVIVED,KILLED,1,0,0.02,
lens_blur,arithmetic,Halide_add_to_sub,lens_blur_generator.cpp,38,64,after,OK,1,1,OK,SURVIVED,KILLED,1,0,0.02,
lens_blur,arithmetic,Halide_add_to_sub,lens_blur_generator.cpp,97,66,after,OK,1,1,OK,SURVIVED,KILLED,1,0,0.02,
lens_blur,arithmetic,Halide_add_to_sub,lens_blur_generator.cpp,98,73,after,OK,1,1,OK,SURVIVED,SURVIVED,0,0,0.02,
lens_blur,arithmetic,Halide_add_to_sub,lens_blur_generator.cpp,99,81,after,OK,1,1,OK,SURVIVED,SURVIVED,0,0,0.02,
lens_blur,arithmetic,Halide_add_to_sub,lens_blur_generator.cpp,125,27,after,OK,1,1,OK,SURVIVED,KILLED,1,0,0.02,
lens_blur,arithmetic,Halide_add_to_sub,lens_blur_generator.cpp,125,52,after,OK,1,1,OK,SURVIVED,KILLED,1,0,0.02,
lens_blur,arithmetic,Halide_add_to_sub,lens_blur_generator.cpp,126,46,after,OK,1,1,OK,SURVIVED,KILLED,1,0,0.02,
lens_blur,arithmetic,Halide_add_to_sub,lens_blur_generator.cpp,147,22,after,OK,1,1,OK,SURVIVED,KILLED,1,0,0.02,
lens_blur,arithmetic,Halide_add_to_sub,lens_blur_generator.cpp,148,22,after,OK,1,1,OK,SURVIVED,KILLED,1,0,0.02,
